[
  {
    "Id": "515100",
    "ThreadId": "232946",
    "Html": "\r\n<p>I have just uploaded a couple of patches but noticed that no patches have been applied for quite some time. Does anyone know if this project is still being worked on?</p>\r\n<p>I would like to get involved if not as I think it is a great library.</p>\r\n",
    "PostedDate": "2010-10-31T04:51:24.327-07:00",
    "UserRole": "Developer",
    "MarkedAsAnswerDate": null
  },
  {
    "Id": "515202",
    "ThreadId": "232946",
    "Html": "\r\n<div>Hi,</div>\r\n<div><br>\r\n</div>\r\n<div>I'm afraid I've not been getting the time to do any work on the library in the last 6 months or so. I'm more than happy to give you access to the source code, though?</div>\r\n<div><br>\r\n</div>\r\n<div>Cheers,</div>\r\n<div>Scriv</div>\r\n<br>\r\n<div>\r\n<div>On 31/10/2010, at 10:51 PM, owaits wrote:</div>\r\n<br>\r\n<blockquote type=\"cite\"><span style=\"\">\r\n<div style=\"font-family:Verdana; font-size:0.75em\">\r\n<p>From: owaits</p>\r\n<div id=\"x_ThreadNotificationPostBody\" style=\"margin-bottom:2em\">\r\n<p>I have just uploaded a couple of patches but noticed that no patches have been applied for quite some time. Does anyone know if this project is still being worked on?</p>\r\n<p>I would like to get involved if not as I think it is a great library.</p>\r\n</div>\r\n<div id=\"x_ThreadNotificationFooter\" style=\"border-top-width:1px; border-top-style:solid; border-top-color:rgb(204,204,204); color:gray\">\r\n<p>Read the<span> </span><a href=\"http://svg.codeplex.com/Thread/View.aspx?ThreadId=232946&ANCHOR#Post515100\">full discussion online</a>.</p>\r\n<p>To add a post to this discussion, reply to this email (<a href=\"mailto:svg@discussions.codeplex.com?subject=[svg:232946]\">svg@discussions.codeplex.com</a>)</p>\r\n<p>To start a new discussion for this project, email<span> </span><a href=\"mailto:svg@discussions.codeplex.com\">svg@discussions.codeplex.com</a></p>\r\n<p>You are receiving this email because you subscribed to this discussion on CodePlex. You can<span> </span><a href=\"https://svg.codeplex.com/subscriptions/thread/project/edit\">unsubscribe or change your settings</a><span> </span>on<span> </span><a href=\"http://codePlex.com\">codePlex.com</a>.</p>\r\n<p>Please note: Images and attachments will be removed from emails. Any posts to this discussion will also be available online at<span> </span><a href=\"http://codeplex.com\">codeplex.com</a></p>\r\n</div>\r\n</div>\r\n</span></blockquote>\r\n</div>\r\n<br>\r\n",
    "PostedDate": "2010-10-31T13:58:11.323-07:00",
    "UserRole": "Owner",
    "MarkedAsAnswerDate": null
  },
  {
    "Id": "515205",
    "ThreadId": "232946",
    "Html": "Hi<br>\r\n<br>\r\nWould be happy to help out where I can. I am using the library in the next version of my Screen Monkey software. The software opens a variety of different formats so I need the SVG library in good working order. Its pretty complete already but finding a few\r\n quirks with inkscape files where they dont display correctly so would be happy to fix them.<br>\r\n<br>\r\nOlie<br>\r\n<br>\r\n<div>On 31 October 2010 20:58, davescriven <span dir=\"ltr\"><<a href=\"mailto:notifications@codeplex.com\">notifications@codeplex.com</a>></span> wrote:<br>\r\n<blockquote style=\"margin:0pt 0pt 0pt 0.8ex; border-left:1px solid rgb(204,204,204); padding-left:1ex\">\r\n<div>\r\n<p>From: davescriven</p>\r\n<div>\r\n<div>Hi,</div>\r\n<div><br>\r\n</div>\r\n<div>I'm afraid I've not been getting the time to do any work on the library in the last 6 months or so. I'm more than happy to give you access to the source code, though?</div>\r\n<div><br>\r\n</div>\r\n<div>Cheers,</div>\r\n<div>Scriv</div>\r\n<br>\r\n<div>\r\n<div>On 31/10/2010, at 10:51 PM, owaits wrote:</div>\r\n<br>\r\n<blockquote type=\"cite\"><span>\r\n<div style=\"font-family:Verdana; font-size:0.75em\">\r\n<p>From: owaits</p>\r\n<div style=\"margin-bottom:2em\">\r\n<p>I have just uploaded a couple of patches but noticed that no patches have been applied for quite some time. Does anyone know if this project is still being worked on?</p>\r\n<p>I would like to get involved if not as I think it is a great library.</p>\r\n</div>\r\n<div style=\"border-top:1px solid rgb(204,204,204); color:gray\">\r\n<p>Read the<span> </span><a href=\"http://svg.codeplex.com/Thread/View.aspx?ThreadId=232946&ANCHOR#Post515100\" target=\"_blank\">full discussion online</a>.</p>\r\n<p>To add a post to this discussion, reply to this email (<a href=\"mailto:svg@discussions.codeplex.com?subject=[svg:232946]\" target=\"_blank\">svg@discussions.codeplex.com</a>)</p>\r\n<p>To start a new discussion for this project, email<span> </span><a href=\"mailto:svg@discussions.codeplex.com\" target=\"_blank\">svg@discussions.codeplex.com</a></p>\r\n<p>You are receiving this email because you subscribed to this discussion on CodePlex. You can<span>\r\n</span><a href=\"https://svg.codeplex.com/subscriptions/thread/project/edit\" target=\"_blank\">unsubscribe or change your settings</a><span>\r\n</span>on<span> </span><a href=\"http://codePlex.com\" target=\"_blank\">codePlex.com</a>.</p>\r\n<p>Please note: Images and attachments will be removed from emails. Any posts to this discussion will also be available online at<span>\r\n</span><a href=\"http://codeplex.com\" target=\"_blank\">codeplex.com</a></p>\r\n</div>\r\n</div>\r\n</span></blockquote>\r\n</div>\r\n<br>\r\n</div>\r\n<div>\r\n<p>Read the <a href=\"http://svg.codeplex.com/Thread/View.aspx?ThreadId=232946&ANCHOR#Post515202\" target=\"_blank\">\r\nfull discussion online</a>.</p>\r\n<p>To add a post to this discussion, reply to this email (<a href=\"mailto:svg@discussions.codeplex.com?subject=[svg:232946]\" target=\"_blank\">svg@discussions.codeplex.com</a>)</p>\r\n<p>To start a new discussion for this project, email <a href=\"mailto:svg@discussions.codeplex.com\" target=\"_blank\">\r\nsvg@discussions.codeplex.com</a></p>\r\n<p>You are receiving this email because you subscribed to this discussion on CodePlex. You can\r\n<a href=\"http://www.codeplex.com/site/discussions/thread/unsubscribe/232946\" target=\"_blank\">\r\nunsubscribe</a> on CodePlex.com.</p>\r\n<p>Please note: Images and attachments will be removed from emails. Any posts to this discussion will also be available online at CodePlex.com</p>\r\n</div>\r\n</div>\r\n</blockquote>\r\n</div>\r\n<br>\r\n",
    "PostedDate": "2010-10-31T14:17:31.283-07:00",
    "UserRole": "Developer",
    "MarkedAsAnswerDate": null
  },
  {
    "Id": "515206",
    "ThreadId": "232946",
    "Html": "Sorry for the second email but I wanted to ask this.<br>\r\n<br>\r\nI noticed that it handles the unit \"none\" by throwing an exception but I have been finding that this causes some svg files to take a long time to load. I have removed this in my local project to treat it as a known unit which sorts out the loading\r\n speed but I wanted to ask whether this was the intended way for it to work. How should it be working?<br>\r\n<br>\r\nOlie<br>\r\n<br>\r\n<div>On 31 October 2010 20:58, davescriven <span dir=\"ltr\"><<a href=\"mailto:notifications@codeplex.com\">notifications@codeplex.com</a>></span> wrote:<br>\r\n<blockquote style=\"margin:0pt 0pt 0pt 0.8ex; border-left:1px solid rgb(204,204,204); padding-left:1ex\">\r\n<div>\r\n<p>From: davescriven</p>\r\n<div>\r\n<div>Hi,</div>\r\n<div><br>\r\n</div>\r\n<div>I'm afraid I've not been getting the time to do any work on the library in the last 6 months or so. I'm more than happy to give you access to the source code, though?</div>\r\n<div><br>\r\n</div>\r\n<div>Cheers,</div>\r\n<div>Scriv</div>\r\n<br>\r\n<div>\r\n<div>On 31/10/2010, at 10:51 PM, owaits wrote:</div>\r\n<br>\r\n<blockquote type=\"cite\"><span>\r\n<div style=\"font-family:Verdana; font-size:0.75em\">\r\n<p>From: owaits</p>\r\n<div style=\"margin-bottom:2em\">\r\n<p>I have just uploaded a couple of patches but noticed that no patches have been applied for quite some time. Does anyone know if this project is still being worked on?</p>\r\n<p>I would like to get involved if not as I think it is a great library.</p>\r\n</div>\r\n<div style=\"border-top:1px solid rgb(204,204,204); color:gray\">\r\n<p>Read the<span> </span><a href=\"http://svg.codeplex.com/Thread/View.aspx?ThreadId=232946&ANCHOR#Post515100\" target=\"_blank\">full discussion online</a>.</p>\r\n<p>To add a post to this discussion, reply to this email (<a href=\"mailto:svg@discussions.codeplex.com?subject=[svg:232946]\" target=\"_blank\">svg@discussions.codeplex.com</a>)</p>\r\n<p>To start a new discussion for this project, email<span> </span><a href=\"mailto:svg@discussions.codeplex.com\" target=\"_blank\">svg@discussions.codeplex.com</a></p>\r\n<p>You are receiving this email because you subscribed to this discussion on CodePlex. You can<span>\r\n</span><a href=\"https://svg.codeplex.com/subscriptions/thread/project/edit\" target=\"_blank\">unsubscribe or change your settings</a><span>\r\n</span>on<span> </span><a href=\"http://codePlex.com\" target=\"_blank\">codePlex.com</a>.</p>\r\n<p>Please note: Images and attachments will be removed from emails. Any posts to this discussion will also be available online at<span>\r\n</span><a href=\"http://codeplex.com\" target=\"_blank\">codeplex.com</a></p>\r\n</div>\r\n</div>\r\n</span></blockquote>\r\n</div>\r\n<br>\r\n</div>\r\n<div>\r\n<p>Read the <a href=\"http://svg.codeplex.com/Thread/View.aspx?ThreadId=232946&ANCHOR#Post515202\" target=\"_blank\">\r\nfull discussion online</a>.</p>\r\n<p>To add a post to this discussion, reply to this email (<a href=\"mailto:svg@discussions.codeplex.com?subject=[svg:232946]\" target=\"_blank\">svg@discussions.codeplex.com</a>)</p>\r\n<p>To start a new discussion for this project, email <a href=\"mailto:svg@discussions.codeplex.com\" target=\"_blank\">\r\nsvg@discussions.codeplex.com</a></p>\r\n<p>You are receiving this email because you subscribed to this discussion on CodePlex. You can\r\n<a href=\"http://www.codeplex.com/site/discussions/thread/unsubscribe/232946\" target=\"_blank\">\r\nunsubscribe</a> on CodePlex.com.</p>\r\n<p>Please note: Images and attachments will be removed from emails. Any posts to this discussion will also be available online at CodePlex.com</p>\r\n</div>\r\n</div>\r\n</blockquote>\r\n</div>\r\n<br>\r\n",
    "PostedDate": "2010-10-31T14:24:31.173-07:00",
    "UserRole": "Developer",
    "MarkedAsAnswerDate": null
  },
  {
    "Id": "515251",
    "ThreadId": "232946",
    "Html": "\r\n<p>Good question! It shouldn't happen that often unless file has something like width=&quot;&quot;? Unless there is some buggy code that's causing it to be raised all the time.</p>\r\n<p>From memory, the exception was really only there to provide developer help ('hey, you've missed a unit value' kind of thing) but I don't think it even reaches that point.</p>\r\n<p>I don't want to say for sure, but I think removing this like you've done shouldn't be an issue.</p>\r\n",
    "PostedDate": "2010-10-31T18:14:21.91-07:00",
    "UserRole": "Owner",
    "MarkedAsAnswerDate": null
  }
]