[
  {
    "Id": "1476368",
    "ThreadId": "655602",
    "Html": "Hi. I am using the following code to add a radialGradient to &lt;defs&gt;<br />\n<pre><code>               SvgRadialGradientServer gradient = new SvgRadialGradientServer()\n                {\n                    ID = &quot;theGradient&quot; + DateTime.Now.Second.ToString(),\n                    CenterX = 50,\n                    CenterY = 50,\n                    FocalX = 50,\n                    FocalY = 50,\n                };\n\n                SvgGradientStop outerStop = new SvgGradientStop()\n                {\n                    Offset = 10,\n                    Colour = Color.FromArgb(outerRValue, outerGValue, outerBValue),\n                    Opacity = 1\n                };\n\n                SvgGradientStop innerStop = new SvgGradientStop()\n                {\n                    Offset = 10,\n                    Colour = Color.FromArgb(innerRValue, innerGValue, innerBValue),\n                    Opacity = 1\n                };\n\n                gradient.Stops.Add(innerStop);\n                gradient.Stops.Add(outerStop);\n\n                SvgDefinitionList definitionList = new SvgDefinitionList();\n                definitionList.Children.Add(gradient);\n                svgDocument.Children.Add(definitionList);\n</code></pre>\n\nIn the resulting svg, the &lt;defs&gt; and &lt;radialGradient&gt; are added, but the &lt;stop&gt; tags are missing:<br />\n<pre><code>&lt;defs&gt;\n    &lt;radialGradient cx=&quot;50&quot; cy=&quot;50&quot; r=&quot;50%&quot; fx=&quot;50&quot; fy=&quot;50&quot; spreadMethod=&quot;Pad&quot; gradientUnits=&quot;ObjectBoundingBox&quot; id=&quot;theGradient31&quot; /&gt;\n  &lt;/defs&gt;</code></pre>\n\nI was expecting to see something more like:<br />\n<pre><code>&lt;defs&gt;\n    &lt;radialGradient cx=&quot;50%&quot; cy=&quot;50%&quot; r=&quot;50%&quot; fx=&quot;50%&quot; fy=&quot;50%&quot; spreadMethod=&quot;Pad&quot; gradientUnits=&quot;ObjectBoundingBox&quot; id=&quot;gradRed&quot;&gt;\n      &lt;stop offset=&quot;10%&quot; stop-color=&quot;#FDEFEF&quot; stop-opacity=&quot;1&quot; /&gt;\n      &lt;stop offset=&quot;100%&quot; stop-color=&quot;#FF0000&quot; stop-opacity=&quot;1&quot; /&gt;\n    &lt;/radialGradient&gt;\n  &lt;/defs&gt;</code></pre>\n\nI'd appreciate any input here.<br />\n<br />\nEd<br />\n",
    "PostedDate": "2016-06-15T12:32:40.643-07:00",
    "UserRole": null,
    "MarkedAsAnswerDate": null
  }
]