[
  {
    "Id": "1052804",
    "ThreadId": "445996",
    "Html": "Hello, as there was little progress on this site, we have improved the library in the past months on github. Head over, make a fork and please open pull requests for any improvements you do:\r<br />\n<br />\n<a href=\"https://github.com/vvvv/SVG\" rel=\"nofollow\">https://github.com/vvvv/SVG</a>\r<br />\n<br />\nbest,\r<br />\ntebjan<br />\n",
    "PostedDate": "2013-06-04T13:39:18.61-07:00",
    "UserRole": null,
    "MarkedAsAnswerDate": null
  }
]