[
  {
    "Id": "799564",
    "ThreadId": "344744",
    "Html": "\r\n<p>the title says it all.. Is this project dead?</p>\r\n",
    "PostedDate": "2012-02-24T11:46:08.667-08:00",
    "UserRole": null,
    "MarkedAsAnswerDate": null
  },
  {
    "Id": "937647",
    "ThreadId": "344744",
    "Html": "<p>I see a lot of people applying patches and this site is discussion on other forums (Ext.Net). &nbsp;Is there any plan to try an put out in newer DLL with some of the patches?</p>",
    "PostedDate": "2012-11-06T18:47:22.5-08:00",
    "UserRole": null,
    "MarkedAsAnswerDate": null
  }
]