[
  {
    "Id": "812898",
    "ThreadId": "349300",
    "Html": "\r\n<p>I have created a ClipPath with a rectangle inside my definitionlist.</p>\r\n<p>&nbsp;</p>\r\n<p>How am I supposed to link the clippath to my text element?</p>\r\n<p>In xml/svg the linking happens with a functional notation =&gt; clip-path=&quot;url(#myid)&quot;</p>\r\n<p>&nbsp;</p>\r\n<p>In the svg rendering text object I have to enter a System.Uri</p>\r\n<p>I have tried many solutions and searched the web for documentation but I haven't found a solution.</p>\r\n<p>&nbsp;</p>\r\n<p>Can anyone help me out?</p>\r\n<p>&nbsp;</p>\r\n",
    "PostedDate": "2012-03-20T03:44:20.8-07:00",
    "UserRole": null,
    "MarkedAsAnswerDate": null
  },
  {
    "Id": "812963",
    "ThreadId": "349300",
    "Html": "<p>I haven't verified this yet, but I think simply creating a new relative URI should do the trick:</p>\r\n<p>&nbsp;</p>\r\n<div style=\"color: black; background-color: white;\">\r\n<pre>element.ClipPath = <span style=\"color: blue;\">new</span> Uri(<span style=\"color: #a31515;\">\"#ClipPathId\", UriKind.Relative</span>);\r\n</pre>\r\n</div>\r\n<p>Have you tried that?</p>\r\n<p>&nbsp;</p>",
    "PostedDate": "2012-03-20T06:16:16.23-07:00",
    "UserRole": "Owner",
    "MarkedAsAnswerDate": null
  },
  {
    "Id": "812968",
    "ThreadId": "349300",
    "Html": "<p>thanks for the answer Dave</p>\n<p>&nbsp;</p>\n<div style=\"color: black; background-color: white;\">\n<pre><span style=\"color: blue;\">Dim</span> uri <span style=\"color: blue;\">As</span> <span style=\"color: blue;\">New</span> System.Uri(<span style=\"color: #a31515;\">\"#\"</span> &amp; element.Attributes(<span style=\"color: #a31515;\">\"clip-path\"</span>).Value.Replace(<span style=\"color: #a31515;\">\"url(#\"</span>, <span style=\"color: #a31515;\">\"\"</span>).Replace(<span style=\"color: #a31515;\">\")\"</span>, <span style=\"color: #a31515;\">\"\"</span>), UriKind.Relative)\n<span style=\"color: blue;\">CType</span>(mySvg.GetElementById(clipId), Svg.SvgText).ClipPath = uri\n</pre>\n</div>\n<p>&nbsp;</p>\n<p>This is indeed what I am doing.&nbsp;<span style=\"background-color: white;\">But this does not work when I&nbsp;save the object as PNG or JPG.</span></p>",
    "PostedDate": "2012-03-20T06:27:44.827-07:00",
    "UserRole": null,
    "MarkedAsAnswerDate": null
  },
  {
    "Id": "813320",
    "ThreadId": "349300",
    "Html": "<p>I did a quick test and it looks like you shouldn't have to do any kind of processing of the URI. The standard clip-path=\"url(#myid)\" syntax will work fine:</p>\r\n<p>\r\n<div style=\"color: black; background-color: white;\">\r\n<pre>element.ClipPath = <span style=\"color: blue;\">new</span> Uri(<span style=\"color: #a31515;\">\"url(#ClipPathId)\"</span>, UriKind.Relative);\r\n</pre>\r\n</div>\r\n</p>\r\n<p>The clipping functionality also appears to be working as expected (the <a href=\"http://svg.codeplex.com/discussions/347927\">example in another discussion</a> uses clip paths and I've added multiple clip shapes to this and they have all worked).</p>\r\n<p>Are you able to attach a sample file that shows the issue you're having?</p>",
    "PostedDate": "2012-03-20T19:08:32.683-07:00",
    "UserRole": "Owner",
    "MarkedAsAnswerDate": null
  },
  {
    "Id": "813565",
    "ThreadId": "349300",
    "Html": "<p>This is my SVG</p>\n<div style=\"color: black; background-color: white;\">\n<pre><span style=\"color: blue;\"><br /><br /><br /><br />&lt;</span><span style=\"color: #a31515;\">svg</span> <span style=\"color: red;\">width</span><span style=\"color: blue;\">=</span><span style=\"color: black;\">\"</span><span style=\"color: blue;\">700</span><span style=\"color: black;\">\"</span> <span style=\"color: red;\">height</span><span style=\"color: blue;\">=</span><span style=\"color: black;\">\"</span><span style=\"color: blue;\">150</span><span style=\"color: black;\">\"</span> <span style=\"color: red;\">version</span><span style=\"color: blue;\">=</span><span style=\"color: black;\">\"</span><span style=\"color: blue;\">1.1</span><span style=\"color: black;\">\"</span> <span style=\"color: red;\">xmlns</span><span style=\"color: blue;\">=</span><span style=\"color: black;\">\"</span><span style=\"color: blue;\">http://www.w3.org/2000/svg</span><span style=\"color: black;\">\"</span><span style=\"color: blue;\">&gt;</span>\n<span style=\"color: blue;\">&lt;</span><span style=\"color: #a31515;\">g</span> <span style=\"color: red;\">transform</span><span style=\"color: blue;\">=</span><span style=\"color: black;\">\"</span><span style=\"color: blue;\">scale(1, 1)</span><span style=\"color: black;\">\"</span><span style=\"color: blue;\">&gt;</span>\n<span style=\"color: blue;\">&lt;</span><span style=\"color: #a31515;\">rect</span> <span style=\"color: red;\">id</span><span style=\"color: blue;\">=</span><span style=\"color: black;\">\"</span><span style=\"color: blue;\">background</span><span style=\"color: black;\">\"</span> <span style=\"color: red;\">x</span><span style=\"color: blue;\">=</span><span style=\"color: black;\">\"</span><span style=\"color: blue;\">0</span><span style=\"color: black;\">\"</span> <span style=\"color: red;\">y</span><span style=\"color: blue;\">=</span><span style=\"color: black;\">\"</span><span style=\"color: blue;\">0</span><span style=\"color: black;\">\"</span> <span style=\"color: red;\">width</span><span style=\"color: blue;\">=</span><span style=\"color: black;\">\"</span><span style=\"color: blue;\">701</span><span style=\"color: black;\">\"</span> <span style=\"color: red;\">height</span><span style=\"color: blue;\">=</span><span style=\"color: black;\">\"</span><span style=\"color: blue;\">151</span><span style=\"color: black;\">\"</span> <span style=\"color: red;\">fill</span><span style=\"color: blue;\">=</span><span style=\"color: black;\">\"</span><span style=\"color: blue;\">#FFFFFF</span><span style=\"color: black;\">\"</span> <span style=\"color: red;\">stroke</span><span style=\"color: blue;\">=</span><span style=\"color: black;\">\"</span><span style=\"color: blue;\">#FFFFFF</span><span style=\"color: black;\">\"</span> <span style=\"color: blue;\">/&gt;</span>\n<span style=\"color: blue;\">&lt;</span><span style=\"color: #a31515;\">text</span> <span style=\"color: red;\">id</span><span style=\"color: blue;\">=</span><span style=\"color: black;\">\"</span><span style=\"color: blue;\">nvbvbacvanderenlnvtotaltext1black</span><span style=\"color: black;\">\"</span> <span style=\"color: red;\">x</span><span style=\"color: blue;\">=</span><span style=\"color: black;\">\"</span><span style=\"color: blue;\">113</span><span style=\"color: black;\">\"</span> <span style=\"color: red;\">y</span><span style=\"color: blue;\">=</span><span style=\"color: black;\">\"</span><span style=\"color: blue;\">61</span><span style=\"color: black;\">\"</span> <span style=\"color: red;\">rotate</span><span style=\"color: blue;\">=</span><span style=\"color: black;\">\"</span><span style=\"color: blue;\">0</span><span style=\"color: black;\">\"</span> <span style=\"color: red;\">font-size</span><span style=\"color: blue;\">=</span><span style=\"color: black;\">\"</span><span style=\"color: blue;\">10</span><span style=\"color: black;\">\"</span> <span style=\"color: red;\">text-anchor</span><span style=\"color: blue;\">=</span><span style=\"color: black;\">\"</span><span style=\"color: blue;\">middle</span><span style=\"color: black;\">\"</span> <span style=\"color: red;\">fill</span><span style=\"color: blue;\">=</span><span style=\"color: black;\">\"</span><span style=\"color: blue;\">#000000</span><span style=\"color: black;\">\"</span> <span style=\"color: red;\">font-family</span><span style=\"color: blue;\">=</span><span style=\"color: black;\">\"</span><span style=\"color: blue;\">Verdana</span><span style=\"color: black;\">\"</span><span style=\"color: blue;\">&gt;</span>92000<span style=\"color: blue;\">&lt;/</span><span style=\"color: #a31515;\">text</span><span style=\"color: blue;\">&gt;</span>\n<span style=\"color: blue;\">&lt;</span><span style=\"color: #a31515;\">text</span> <span style=\"color: red;\">id</span><span style=\"color: blue;\">=</span><span style=\"color: black;\">\"</span><span style=\"color: blue;\">nvbvbacvanderenlnvtotaltext2black</span><span style=\"color: black;\">\"</span> <span style=\"color: red;\">x</span><span style=\"color: blue;\">=</span><span style=\"color: black;\">\"</span><span style=\"color: blue;\">113</span><span style=\"color: black;\">\"</span> <span style=\"color: red;\">y</span><span style=\"color: blue;\">=</span><span style=\"color: black;\">\"</span><span style=\"color: blue;\">75</span><span style=\"color: black;\">\"</span> <span style=\"color: red;\">rotate</span><span style=\"color: blue;\">=</span><span style=\"color: black;\">\"</span><span style=\"color: blue;\">0</span><span style=\"color: black;\">\"</span> <span style=\"color: red;\">font-size</span><span style=\"color: blue;\">=</span><span style=\"color: black;\">\"</span><span style=\"color: blue;\">10</span><span style=\"color: black;\">\"</span> <span style=\"color: red;\">text-anchor</span><span style=\"color: blue;\">=</span><span style=\"color: black;\">\"</span><span style=\"color: blue;\">middle</span><span style=\"color: black;\">\"</span> <span style=\"color: red;\">fill</span><span style=\"color: blue;\">=</span><span style=\"color: black;\">\"</span><span style=\"color: blue;\">#000000</span><span style=\"color: black;\">\"</span> <span style=\"color: red;\">font-family</span><span style=\"color: blue;\">=</span><span style=\"color: black;\">\"</span><span style=\"color: blue;\">Verdana</span><span style=\"color: black;\">\"</span><span style=\"color: blue;\">&gt;</span>30000<span style=\"color: blue;\">&lt;/</span><span style=\"color: #a31515;\">text</span><span style=\"color: blue;\">&gt;</span>\n<span style=\"color: blue;\">&lt;</span><span style=\"color: #a31515;\">text</span> <span style=\"color: red;\">id</span><span style=\"color: blue;\">=</span><span style=\"color: black;\">\"</span><span style=\"color: blue;\">nvbvbacvanderenlnvtotaltext3black</span><span style=\"color: black;\">\"</span> <span style=\"color: red;\">x</span><span style=\"color: blue;\">=</span><span style=\"color: black;\">\"</span><span style=\"color: blue;\">113</span><span style=\"color: black;\">\"</span> <span style=\"color: red;\">y</span><span style=\"color: blue;\">=</span><span style=\"color: black;\">\"</span><span style=\"color: blue;\">89</span><span style=\"color: black;\">\"</span> <span style=\"color: red;\">rotate</span><span style=\"color: blue;\">=</span><span style=\"color: black;\">\"</span><span style=\"color: blue;\">0</span><span style=\"color: black;\">\"</span> <span style=\"color: red;\">font-size</span><span style=\"color: blue;\">=</span><span style=\"color: black;\">\"</span><span style=\"color: blue;\">10</span><span style=\"color: black;\">\"</span> <span style=\"color: red;\">text-anchor</span><span style=\"color: blue;\">=</span><span style=\"color: black;\">\"</span><span style=\"color: blue;\">middle</span><span style=\"color: black;\">\"</span> <span style=\"color: red;\">fill</span><span style=\"color: blue;\">=</span><span style=\"color: black;\">\"</span><span style=\"color: blue;\">#000000</span><span style=\"color: black;\">\"</span> <span style=\"color: red;\">font-family</span><span style=\"color: blue;\">=</span><span style=\"color: black;\">\"</span><span style=\"color: blue;\">Verdana</span><span style=\"color: black;\">\"</span><span style=\"color: blue;\">&gt;</span>88534<span style=\"color: blue;\">&lt;/</span><span style=\"color: #a31515;\">text</span><span style=\"color: blue;\">&gt;</span>\n<span style=\"color: blue;\">&lt;</span><span style=\"color: #a31515;\">text</span> <span style=\"color: red;\">id</span><span style=\"color: blue;\">=</span><span style=\"color: black;\">\"</span><span style=\"color: blue;\">nvbvbacvanderenlnvtotaltext4black</span><span style=\"color: black;\">\"</span> <span style=\"color: red;\">x</span><span style=\"color: blue;\">=</span><span style=\"color: black;\">\"</span><span style=\"color: blue;\">113</span><span style=\"color: black;\">\"</span> <span style=\"color: red;\">y</span><span style=\"color: blue;\">=</span><span style=\"color: black;\">\"</span><span style=\"color: blue;\">103</span><span style=\"color: black;\">\"</span> <span style=\"color: red;\">rotate</span><span style=\"color: blue;\">=</span><span style=\"color: black;\">\"</span><span style=\"color: blue;\">0</span><span style=\"color: black;\">\"</span> <span style=\"color: red;\">font-size</span><span style=\"color: blue;\">=</span><span style=\"color: black;\">\"</span><span style=\"color: blue;\">10</span><span style=\"color: black;\">\"</span> <span style=\"color: red;\">text-anchor</span><span style=\"color: blue;\">=</span><span style=\"color: black;\">\"</span><span style=\"color: blue;\">middle</span><span style=\"color: black;\">\"</span> <span style=\"color: red;\">fill</span><span style=\"color: blue;\">=</span><span style=\"color: black;\">\"</span><span style=\"color: blue;\">#000000</span><span style=\"color: black;\">\"</span> <span style=\"color: red;\">font-family</span><span style=\"color: blue;\">=</span><span style=\"color: black;\">\"</span><span style=\"color: blue;\">Verdana</span><span style=\"color: black;\">\"</span><span style=\"color: blue;\">&gt;</span>92106<span style=\"color: blue;\">&lt;/</span><span style=\"color: #a31515;\">text</span><span style=\"color: blue;\">&gt;</span>\n<span style=\"color: blue;\">&lt;</span><span style=\"color: #a31515;\">text</span> <span style=\"color: red;\">id</span><span style=\"color: blue;\">=</span><span style=\"color: black;\">\"</span><span style=\"color: blue;\">nvbvbacvanderenlnvtotaltext5black</span><span style=\"color: black;\">\"</span> <span style=\"color: red;\">x</span><span style=\"color: blue;\">=</span><span style=\"color: black;\">\"</span><span style=\"color: blue;\">113</span><span style=\"color: black;\">\"</span> <span style=\"color: red;\">y</span><span style=\"color: blue;\">=</span><span style=\"color: black;\">\"</span><span style=\"color: blue;\">117</span><span style=\"color: black;\">\"</span> <span style=\"color: red;\">rotate</span><span style=\"color: blue;\">=</span><span style=\"color: black;\">\"</span><span style=\"color: blue;\">0</span><span style=\"color: black;\">\"</span> <span style=\"color: red;\">font-size</span><span style=\"color: blue;\">=</span><span style=\"color: black;\">\"</span><span style=\"color: blue;\">10</span><span style=\"color: black;\">\"</span> <span style=\"color: red;\">text-anchor</span><span style=\"color: blue;\">=</span><span style=\"color: black;\">\"</span><span style=\"color: blue;\">middle</span><span style=\"color: black;\">\"</span> <span style=\"color: red;\">fill</span><span style=\"color: blue;\">=</span><span style=\"color: black;\">\"</span><span style=\"color: blue;\">#000000</span><span style=\"color: black;\">\"</span> <span style=\"color: red;\">font-family</span><span style=\"color: blue;\">=</span><span style=\"color: black;\">\"</span><span style=\"color: blue;\">Verdana</span><span style=\"color: black;\">\"</span><span style=\"color: blue;\">&gt;</span>92227<span style=\"color: blue;\">&lt;/</span><span style=\"color: #a31515;\">text</span><span style=\"color: blue;\">&gt;</span>\n<span style=\"color: blue;\">&lt;</span><span style=\"color: #a31515;\">text</span> <span style=\"color: red;\">id</span><span style=\"color: blue;\">=</span><span style=\"color: black;\">\"</span><span style=\"color: blue;\">nvbvbacvanderenlnvtotaltext6black</span><span style=\"color: black;\">\"</span> <span style=\"color: red;\">x</span><span style=\"color: blue;\">=</span><span style=\"color: black;\">\"</span><span style=\"color: blue;\">113</span><span style=\"color: black;\">\"</span> <span style=\"color: red;\">y</span><span style=\"color: blue;\">=</span><span style=\"color: black;\">\"</span><span style=\"color: blue;\">131</span><span style=\"color: black;\">\"</span> <span style=\"color: red;\">rotate</span><span style=\"color: blue;\">=</span><span style=\"color: black;\">\"</span><span style=\"color: blue;\">0</span><span style=\"color: black;\">\"</span> <span style=\"color: red;\">font-size</span><span style=\"color: blue;\">=</span><span style=\"color: black;\">\"</span><span style=\"color: blue;\">10</span><span style=\"color: black;\">\"</span> <span style=\"color: red;\">text-anchor</span><span style=\"color: blue;\">=</span><span style=\"color: black;\">\"</span><span style=\"color: blue;\">middle</span><span style=\"color: black;\">\"</span> <span style=\"color: red;\">fill</span><span style=\"color: blue;\">=</span><span style=\"color: black;\">\"</span><span style=\"color: blue;\">#000000</span><span style=\"color: black;\">\"</span> <span style=\"color: red;\">font-family</span><span style=\"color: blue;\">=</span><span style=\"color: black;\">\"</span><span style=\"color: blue;\">Verdana</span><span style=\"color: black;\">\"</span><span style=\"color: blue;\">&gt;</span>88534<span style=\"color: blue;\">&lt;/</span><span style=\"color: #a31515;\">text</span><span style=\"color: blue;\">&gt;</span>\n<span style=\"color: blue;\">&lt;</span><span style=\"color: #a31515;\">rect</span> <span style=\"color: red;\">id</span><span style=\"color: blue;\">=</span><span style=\"color: black;\">\"</span><span style=\"color: blue;\">nvbvbacvanderenllegend1</span><span style=\"color: black;\">\"</span> <span style=\"color: red;\">x</span><span style=\"color: blue;\">=</span><span style=\"color: black;\">\"</span><span style=\"color: blue;\">35</span><span style=\"color: black;\">\"</span> <span style=\"color: red;\">y</span><span style=\"color: blue;\">=</span><span style=\"color: black;\">\"</span><span style=\"color: blue;\">50</span><span style=\"color: black;\">\"</span> <span style=\"color: red;\">width</span><span style=\"color: blue;\">=</span><span style=\"color: black;\">\"</span><span style=\"color: blue;\">35</span><span style=\"color: black;\">\"</span> <span style=\"color: red;\">height</span><span style=\"color: blue;\">=</span><span style=\"color: black;\">\"</span><span style=\"color: blue;\">14</span><span style=\"color: black;\">\"</span> <span style=\"color: red;\">fill</span><span style=\"color: blue;\">=</span><span style=\"color: black;\">\"</span><span style=\"color: blue;\">#39B652</span><span style=\"color: black;\">\"</span> <span style=\"color: red;\">stroke</span><span style=\"color: blue;\">=</span><span style=\"color: black;\">\"</span><span style=\"color: blue;\">none</span><span style=\"color: black;\">\"</span> <span style=\"color: blue;\">/&gt;</span>\n<span style=\"color: blue;\">&lt;</span><span style=\"color: #a31515;\">rect</span> <span style=\"color: red;\">id</span><span style=\"color: blue;\">=</span><span style=\"color: black;\">\"</span><span style=\"color: blue;\">nvbvbacvanderenllegend2</span><span style=\"color: black;\">\"</span> <span style=\"color: red;\">x</span><span style=\"color: blue;\">=</span><span style=\"color: black;\">\"</span><span style=\"color: blue;\">35</span><span style=\"color: black;\">\"</span> <span style=\"color: red;\">y</span><span style=\"color: blue;\">=</span><span style=\"color: black;\">\"</span><span style=\"color: blue;\">64</span><span style=\"color: black;\">\"</span> <span style=\"color: red;\">width</span><span style=\"color: blue;\">=</span><span style=\"color: black;\">\"</span><span style=\"color: blue;\">35</span><span style=\"color: black;\">\"</span> <span style=\"color: red;\">height</span><span style=\"color: blue;\">=</span><span style=\"color: black;\">\"</span><span style=\"color: blue;\">14</span><span style=\"color: black;\">\"</span> <span style=\"color: red;\">fill</span><span style=\"color: blue;\">=</span><span style=\"color: black;\">\"</span><span style=\"color: blue;\">#73B2EF</span><span style=\"color: black;\">\"</span> <span style=\"color: red;\">stroke</span><span style=\"color: blue;\">=</span><span style=\"color: black;\">\"</span><span style=\"color: blue;\">none</span><span style=\"color: black;\">\"</span> <span style=\"color: blue;\">/&gt;</span>\n<span style=\"color: blue;\">&lt;</span><span style=\"color: #a31515;\">rect</span> <span style=\"color: red;\">id</span><span style=\"color: blue;\">=</span><span style=\"color: black;\">\"</span><span style=\"color: blue;\">nvbvbacvanderenllegend3</span><span style=\"color: black;\">\"</span> <span style=\"color: red;\">x</span><span style=\"color: blue;\">=</span><span style=\"color: black;\">\"</span><span style=\"color: blue;\">35</span><span style=\"color: black;\">\"</span> <span style=\"color: red;\">y</span><span style=\"color: blue;\">=</span><span style=\"color: black;\">\"</span><span style=\"color: blue;\">78</span><span style=\"color: black;\">\"</span> <span style=\"color: red;\">width</span><span style=\"color: blue;\">=</span><span style=\"color: black;\">\"</span><span style=\"color: blue;\">35</span><span style=\"color: black;\">\"</span> <span style=\"color: red;\">height</span><span style=\"color: blue;\">=</span><span style=\"color: black;\">\"</span><span style=\"color: blue;\">14</span><span style=\"color: black;\">\"</span> <span style=\"color: red;\">fill</span><span style=\"color: blue;\">=</span><span style=\"color: black;\">\"</span><span style=\"color: blue;\">#39B652</span><span style=\"color: black;\">\"</span> <span style=\"color: red;\">stroke</span><span style=\"color: blue;\">=</span><span style=\"color: black;\">\"</span><span style=\"color: blue;\">none</span><span style=\"color: black;\">\"</span> <span style=\"color: blue;\">/&gt;</span>\n<span style=\"color: blue;\">&lt;</span><span style=\"color: #a31515;\">rect</span> <span style=\"color: red;\">id</span><span style=\"color: blue;\">=</span><span style=\"color: black;\">\"</span><span style=\"color: blue;\">nvbvbacvanderenllegend4</span><span style=\"color: black;\">\"</span> <span style=\"color: red;\">x</span><span style=\"color: blue;\">=</span><span style=\"color: black;\">\"</span><span style=\"color: blue;\">35</span><span style=\"color: black;\">\"</span> <span style=\"color: red;\">y</span><span style=\"color: blue;\">=</span><span style=\"color: black;\">\"</span><span style=\"color: blue;\">92</span><span style=\"color: black;\">\"</span> <span style=\"color: red;\">width</span><span style=\"color: blue;\">=</span><span style=\"color: black;\">\"</span><span style=\"color: blue;\">35</span><span style=\"color: black;\">\"</span> <span style=\"color: red;\">height</span><span style=\"color: blue;\">=</span><span style=\"color: black;\">\"</span><span style=\"color: blue;\">14</span><span style=\"color: black;\">\"</span> <span style=\"color: red;\">fill</span><span style=\"color: blue;\">=</span><span style=\"color: black;\">\"</span><span style=\"color: blue;\">#73B2EF</span><span style=\"color: black;\">\"</span> <span style=\"color: red;\">stroke</span><span style=\"color: blue;\">=</span><span style=\"color: black;\">\"</span><span style=\"color: blue;\">none</span><span style=\"color: black;\">\"</span> <span style=\"color: blue;\">/&gt;</span>\n<span style=\"color: blue;\">&lt;</span><span style=\"color: #a31515;\">rect</span> <span style=\"color: red;\">id</span><span style=\"color: blue;\">=</span><span style=\"color: black;\">\"</span><span style=\"color: blue;\">nvbvbacvanderenllegend5</span><span style=\"color: black;\">\"</span> <span style=\"color: red;\">x</span><span style=\"color: blue;\">=</span><span style=\"color: black;\">\"</span><span style=\"color: blue;\">35</span><span style=\"color: black;\">\"</span> <span style=\"color: red;\">y</span><span style=\"color: blue;\">=</span><span style=\"color: black;\">\"</span><span style=\"color: blue;\">106</span><span style=\"color: black;\">\"</span> <span style=\"color: red;\">width</span><span style=\"color: blue;\">=</span><span style=\"color: black;\">\"</span><span style=\"color: blue;\">35</span><span style=\"color: black;\">\"</span> <span style=\"color: red;\">height</span><span style=\"color: blue;\">=</span><span style=\"color: black;\">\"</span><span style=\"color: blue;\">14</span><span style=\"color: black;\">\"</span> <span style=\"color: red;\">fill</span><span style=\"color: blue;\">=</span><span style=\"color: black;\">\"</span><span style=\"color: blue;\">#39B652</span><span style=\"color: black;\">\"</span> <span style=\"color: red;\">stroke</span><span style=\"color: blue;\">=</span><span style=\"color: black;\">\"</span><span style=\"color: blue;\">none</span><span style=\"color: black;\">\"</span> <span style=\"color: blue;\">/&gt;</span>\n<span style=\"color: blue;\">&lt;</span><span style=\"color: #a31515;\">rect</span> <span style=\"color: red;\">id</span><span style=\"color: blue;\">=</span><span style=\"color: black;\">\"</span><span style=\"color: blue;\">nvbvbacvanderenllegend6</span><span style=\"color: black;\">\"</span> <span style=\"color: red;\">x</span><span style=\"color: blue;\">=</span><span style=\"color: black;\">\"</span><span style=\"color: blue;\">35</span><span style=\"color: black;\">\"</span> <span style=\"color: red;\">y</span><span style=\"color: blue;\">=</span><span style=\"color: black;\">\"</span><span style=\"color: blue;\">120</span><span style=\"color: black;\">\"</span> <span style=\"color: red;\">width</span><span style=\"color: blue;\">=</span><span style=\"color: black;\">\"</span><span style=\"color: blue;\">35</span><span style=\"color: black;\">\"</span> <span style=\"color: red;\">height</span><span style=\"color: blue;\">=</span><span style=\"color: black;\">\"</span><span style=\"color: blue;\">14</span><span style=\"color: black;\">\"</span> <span style=\"color: red;\">fill</span><span style=\"color: blue;\">=</span><span style=\"color: black;\">\"</span><span style=\"color: blue;\">#73B2EF</span><span style=\"color: black;\">\"</span> <span style=\"color: red;\">stroke</span><span style=\"color: blue;\">=</span><span style=\"color: black;\">\"</span><span style=\"color: blue;\">none</span><span style=\"color: black;\">\"</span> <span style=\"color: blue;\">/&gt;</span>\n<span style=\"color: blue;\">&lt;</span><span style=\"color: #a31515;\">rect</span> <span style=\"color: red;\">id</span><span style=\"color: blue;\">=</span><span style=\"color: black;\">\"</span><span style=\"color: blue;\">nvbvbacvanderenlnvtotal1</span><span style=\"color: black;\">\"</span> <span style=\"color: red;\">x</span><span style=\"color: blue;\">=</span><span style=\"color: black;\">\"</span><span style=\"color: blue;\">73</span><span style=\"color: black;\">\"</span> <span style=\"color: red;\">y</span><span style=\"color: blue;\">=</span><span style=\"color: black;\">\"</span><span style=\"color: blue;\">50</span><span style=\"color: black;\">\"</span> <span style=\"color: red;\">width</span><span style=\"color: blue;\">=</span><span style=\"color: black;\">\"</span><span style=\"color: blue;\">40</span><span style=\"color: black;\">\"</span> <span style=\"color: red;\">height</span><span style=\"color: blue;\">=</span><span style=\"color: black;\">\"</span><span style=\"color: blue;\">14</span><span style=\"color: black;\">\"</span> <span style=\"color: red;\">fill</span><span style=\"color: blue;\">=</span><span style=\"color: black;\">\"</span><span style=\"color: blue;\">#39B652</span><span style=\"color: black;\">\"</span> <span style=\"color: red;\">stroke</span><span style=\"color: blue;\">=</span><span style=\"color: black;\">\"</span><span style=\"color: blue;\">none</span><span style=\"color: black;\">\"</span> <span style=\"color: blue;\">/&gt;</span>\n<span style=\"color: blue;\">&lt;</span><span style=\"color: #a31515;\">rect</span> <span style=\"color: red;\">id</span><span style=\"color: blue;\">=</span><span style=\"color: black;\">\"</span><span style=\"color: blue;\">nvbvbacvanderenlnvtotal2</span><span style=\"color: black;\">\"</span> <span style=\"color: red;\">x</span><span style=\"color: blue;\">=</span><span style=\"color: black;\">\"</span><span style=\"color: blue;\">73</span><span style=\"color: black;\">\"</span> <span style=\"color: red;\">y</span><span style=\"color: blue;\">=</span><span style=\"color: black;\">\"</span><span style=\"color: blue;\">64</span><span style=\"color: black;\">\"</span> <span style=\"color: red;\">width</span><span style=\"color: blue;\">=</span><span style=\"color: black;\">\"</span><span style=\"color: blue;\">26.0227482190682</span><span style=\"color: black;\">\"</span> <span style=\"color: red;\">height</span><span style=\"color: blue;\">=</span><span style=\"color: black;\">\"</span><span style=\"color: blue;\">14</span><span style=\"color: black;\">\"</span> <span style=\"color: red;\">fill</span><span style=\"color: blue;\">=</span><span style=\"color: black;\">\"</span><span style=\"color: blue;\">#73B2EF</span><span style=\"color: black;\">\"</span> <span style=\"color: red;\">stroke</span><span style=\"color: blue;\">=</span><span style=\"color: black;\">\"</span><span style=\"color: blue;\">none</span><span style=\"color: black;\">\"</span> <span style=\"color: blue;\">/&gt;</span>\n<span style=\"color: blue;\">&lt;</span><span style=\"color: #a31515;\">rect</span> <span style=\"color: red;\">id</span><span style=\"color: blue;\">=</span><span style=\"color: black;\">\"</span><span style=\"color: blue;\">nvbvbacvanderenlnvtotal3</span><span style=\"color: black;\">\"</span> <span style=\"color: red;\">x</span><span style=\"color: blue;\">=</span><span style=\"color: black;\">\"</span><span style=\"color: blue;\">73</span><span style=\"color: black;\">\"</span> <span style=\"color: red;\">y</span><span style=\"color: blue;\">=</span><span style=\"color: black;\">\"</span><span style=\"color: blue;\">78</span><span style=\"color: black;\">\"</span> <span style=\"color: red;\">width</span><span style=\"color: blue;\">=</span><span style=\"color: black;\">\"</span><span style=\"color: blue;\">76.7965996942327</span><span style=\"color: black;\">\"</span> <span style=\"color: red;\">height</span><span style=\"color: blue;\">=</span><span style=\"color: black;\">\"</span><span style=\"color: blue;\">14</span><span style=\"color: black;\">\"</span> <span style=\"color: red;\">fill</span><span style=\"color: blue;\">=</span><span style=\"color: black;\">\"</span><span style=\"color: blue;\">#39B652</span><span style=\"color: black;\">\"</span> <span style=\"color: red;\">stroke</span><span style=\"color: blue;\">=</span><span style=\"color: black;\">\"</span><span style=\"color: blue;\">none</span><span style=\"color: black;\">\"</span> <span style=\"color: blue;\">/&gt;</span>\n<span style=\"color: blue;\">&lt;</span><span style=\"color: #a31515;\">rect</span> <span style=\"color: red;\">id</span><span style=\"color: blue;\">=</span><span style=\"color: black;\">\"</span><span style=\"color: blue;\">nvbvbacvanderenlnvtotal4</span><span style=\"color: black;\">\"</span> <span style=\"color: red;\">x</span><span style=\"color: blue;\">=</span><span style=\"color: black;\">\"</span><span style=\"color: blue;\">73</span><span style=\"color: black;\">\"</span> <span style=\"color: red;\">y</span><span style=\"color: blue;\">=</span><span style=\"color: black;\">\"</span><span style=\"color: blue;\">92</span><span style=\"color: black;\">\"</span> <span style=\"color: red;\">width</span><span style=\"color: blue;\">=</span><span style=\"color: black;\">\"</span><span style=\"color: blue;\">79.8950415821831</span><span style=\"color: black;\">\"</span> <span style=\"color: red;\">height</span><span style=\"color: blue;\">=</span><span style=\"color: black;\">\"</span><span style=\"color: blue;\">14</span><span style=\"color: black;\">\"</span> <span style=\"color: red;\">fill</span><span style=\"color: blue;\">=</span><span style=\"color: black;\">\"</span><span style=\"color: blue;\">#73B2EF</span><span style=\"color: black;\">\"</span> <span style=\"color: red;\">stroke</span><span style=\"color: blue;\">=</span><span style=\"color: black;\">\"</span><span style=\"color: blue;\">none</span><span style=\"color: black;\">\"</span> <span style=\"color: blue;\">/&gt;</span>\n<span style=\"color: blue;\">&lt;</span><span style=\"color: #a31515;\">rect</span> <span style=\"color: red;\">id</span><span style=\"color: blue;\">=</span><span style=\"color: black;\">\"</span><span style=\"color: blue;\">nvbvbacvanderenlnvtotal5</span><span style=\"color: black;\">\"</span> <span style=\"color: red;\">x</span><span style=\"color: blue;\">=</span><span style=\"color: black;\">\"</span><span style=\"color: blue;\">73</span><span style=\"color: black;\">\"</span> <span style=\"color: red;\">y</span><span style=\"color: blue;\">=</span><span style=\"color: black;\">\"</span><span style=\"color: blue;\">106</span><span style=\"color: black;\">\"</span> <span style=\"color: red;\">width</span><span style=\"color: blue;\">=</span><span style=\"color: black;\">\"</span><span style=\"color: blue;\">80</span><span style=\"color: black;\">\"</span> <span style=\"color: red;\">height</span><span style=\"color: blue;\">=</span><span style=\"color: black;\">\"</span><span style=\"color: blue;\">14</span><span style=\"color: black;\">\"</span> <span style=\"color: red;\">fill</span><span style=\"color: blue;\">=</span><span style=\"color: black;\">\"</span><span style=\"color: blue;\">#39B652</span><span style=\"color: black;\">\"</span> <span style=\"color: red;\">stroke</span><span style=\"color: blue;\">=</span><span style=\"color: black;\">\"</span><span style=\"color: blue;\">none</span><span style=\"color: black;\">\"</span> <span style=\"color: blue;\">/&gt;</span>\n<span style=\"color: blue;\">&lt;</span><span style=\"color: #a31515;\">rect</span> <span style=\"color: red;\">id</span><span style=\"color: blue;\">=</span><span style=\"color: black;\">\"</span><span style=\"color: blue;\">nvbvbacvanderenlnvtotal6</span><span style=\"color: black;\">\"</span> <span style=\"color: red;\">x</span><span style=\"color: blue;\">=</span><span style=\"color: black;\">\"</span><span style=\"color: blue;\">73</span><span style=\"color: black;\">\"</span> <span style=\"color: red;\">y</span><span style=\"color: blue;\">=</span><span style=\"color: black;\">\"</span><span style=\"color: blue;\">120</span><span style=\"color: black;\">\"</span> <span style=\"color: red;\">width</span><span style=\"color: blue;\">=</span><span style=\"color: black;\">\"</span><span style=\"color: blue;\">76.7965996942327</span><span style=\"color: black;\">\"</span> <span style=\"color: red;\">height</span><span style=\"color: blue;\">=</span><span style=\"color: black;\">\"</span><span style=\"color: blue;\">14</span><span style=\"color: black;\">\"</span> <span style=\"color: red;\">fill</span><span style=\"color: blue;\">=</span><span style=\"color: black;\">\"</span><span style=\"color: blue;\">#73B2EF</span><span style=\"color: black;\">\"</span> <span style=\"color: red;\">stroke</span><span style=\"color: blue;\">=</span><span style=\"color: black;\">\"</span><span style=\"color: blue;\">none</span><span style=\"color: black;\">\"</span> <span style=\"color: blue;\">/&gt;</span>\n<span style=\"color: blue;\">&lt;</span><span style=\"color: #a31515;\">text</span> <span style=\"color: red;\">id</span><span style=\"color: blue;\">=</span><span style=\"color: black;\">\"</span><span style=\"color: blue;\">nvbvbacvanderenllegendtext1</span><span style=\"color: black;\">\"</span> <span style=\"color: red;\">x</span><span style=\"color: blue;\">=</span><span style=\"color: black;\">\"</span><span style=\"color: blue;\">39</span><span style=\"color: black;\">\"</span> <span style=\"color: red;\">y</span><span style=\"color: blue;\">=</span><span style=\"color: black;\">\"</span><span style=\"color: blue;\">61</span><span style=\"color: black;\">\"</span> <span style=\"color: red;\">rotate</span><span style=\"color: blue;\">=</span><span style=\"color: black;\">\"</span><span style=\"color: blue;\">0</span><span style=\"color: black;\">\"</span> <span style=\"color: red;\">font-size</span><span style=\"color: blue;\">=</span><span style=\"color: black;\">\"</span><span style=\"color: blue;\">10</span><span style=\"color: black;\">\"</span> <span style=\"color: red;\">fill</span><span style=\"color: blue;\">=</span><span style=\"color: black;\">\"</span><span style=\"color: blue;\">#FFFFFF</span><span style=\"color: black;\">\"</span> <span style=\"color: red;\">font-family</span><span style=\"color: blue;\">=</span><span style=\"color: black;\">\"</span><span style=\"color: blue;\">Verdana</span><span style=\"color: black;\">\"</span><span style=\"color: blue;\">&gt;</span>2005<span style=\"color: blue;\">&lt;/</span><span style=\"color: #a31515;\">text</span><span style=\"color: blue;\">&gt;</span>\n<span style=\"color: blue;\">&lt;</span><span style=\"color: #a31515;\">text</span> <span style=\"color: red;\">id</span><span style=\"color: blue;\">=</span><span style=\"color: black;\">\"</span><span style=\"color: blue;\">nvbvbacvanderenllegendtext2</span><span style=\"color: black;\">\"</span> <span style=\"color: red;\">x</span><span style=\"color: blue;\">=</span><span style=\"color: black;\">\"</span><span style=\"color: blue;\">39</span><span style=\"color: black;\">\"</span> <span style=\"color: red;\">y</span><span style=\"color: blue;\">=</span><span style=\"color: black;\">\"</span><span style=\"color: blue;\">75</span><span style=\"color: black;\">\"</span> <span style=\"color: red;\">rotate</span><span style=\"color: blue;\">=</span><span style=\"color: black;\">\"</span><span style=\"color: blue;\">0</span><span style=\"color: black;\">\"</span> <span style=\"color: red;\">font-size</span><span style=\"color: blue;\">=</span><span style=\"color: black;\">\"</span><span style=\"color: blue;\">10</span><span style=\"color: black;\">\"</span> <span style=\"color: red;\">fill</span><span style=\"color: blue;\">=</span><span style=\"color: black;\">\"</span><span style=\"color: blue;\">#FFFFFF</span><span style=\"color: black;\">\"</span> <span style=\"color: red;\">font-family</span><span style=\"color: blue;\">=</span><span style=\"color: black;\">\"</span><span style=\"color: blue;\">Verdana</span><span style=\"color: black;\">\"</span><span style=\"color: blue;\">&gt;</span>2006<span style=\"color: blue;\">&lt;/</span><span style=\"color: #a31515;\">text</span><span style=\"color: blue;\">&gt;</span>\n<span style=\"color: blue;\">&lt;</span><span style=\"color: #a31515;\">text</span> <span style=\"color: red;\">id</span><span style=\"color: blue;\">=</span><span style=\"color: black;\">\"</span><span style=\"color: blue;\">nvbvbacvanderenllegendtext3</span><span style=\"color: black;\">\"</span> <span style=\"color: red;\">x</span><span style=\"color: blue;\">=</span><span style=\"color: black;\">\"</span><span style=\"color: blue;\">39</span><span style=\"color: black;\">\"</span> <span style=\"color: red;\">y</span><span style=\"color: blue;\">=</span><span style=\"color: black;\">\"</span><span style=\"color: blue;\">89</span><span style=\"color: black;\">\"</span> <span style=\"color: red;\">rotate</span><span style=\"color: blue;\">=</span><span style=\"color: black;\">\"</span><span style=\"color: blue;\">0</span><span style=\"color: black;\">\"</span> <span style=\"color: red;\">font-size</span><span style=\"color: blue;\">=</span><span style=\"color: black;\">\"</span><span style=\"color: blue;\">10</span><span style=\"color: black;\">\"</span> <span style=\"color: red;\">fill</span><span style=\"color: blue;\">=</span><span style=\"color: black;\">\"</span><span style=\"color: blue;\">#FFFFFF</span><span style=\"color: black;\">\"</span> <span style=\"color: red;\">font-family</span><span style=\"color: blue;\">=</span><span style=\"color: black;\">\"</span><span style=\"color: blue;\">Verdana</span><span style=\"color: black;\">\"</span><span style=\"color: blue;\">&gt;</span>2007<span style=\"color: blue;\">&lt;/</span><span style=\"color: #a31515;\">text</span><span style=\"color: blue;\">&gt;</span>\n<span style=\"color: blue;\">&lt;</span><span style=\"color: #a31515;\">text</span> <span style=\"color: red;\">id</span><span style=\"color: blue;\">=</span><span style=\"color: black;\">\"</span><span style=\"color: blue;\">nvbvbacvanderenllegendtext4</span><span style=\"color: black;\">\"</span> <span style=\"color: red;\">x</span><span style=\"color: blue;\">=</span><span style=\"color: black;\">\"</span><span style=\"color: blue;\">39</span><span style=\"color: black;\">\"</span> <span style=\"color: red;\">y</span><span style=\"color: blue;\">=</span><span style=\"color: black;\">\"</span><span style=\"color: blue;\">103</span><span style=\"color: black;\">\"</span> <span style=\"color: red;\">rotate</span><span style=\"color: blue;\">=</span><span style=\"color: black;\">\"</span><span style=\"color: blue;\">0</span><span style=\"color: black;\">\"</span> <span style=\"color: red;\">font-size</span><span style=\"color: blue;\">=</span><span style=\"color: black;\">\"</span><span style=\"color: blue;\">10</span><span style=\"color: black;\">\"</span> <span style=\"color: red;\">fill</span><span style=\"color: blue;\">=</span><span style=\"color: black;\">\"</span><span style=\"color: blue;\">#FFFFFF</span><span style=\"color: black;\">\"</span> <span style=\"color: red;\">font-family</span><span style=\"color: blue;\">=</span><span style=\"color: black;\">\"</span><span style=\"color: blue;\">Verdana</span><span style=\"color: black;\">\"</span><span style=\"color: blue;\">&gt;</span>2008<span style=\"color: blue;\">&lt;/</span><span style=\"color: #a31515;\">text</span><span style=\"color: blue;\">&gt;</span>\n<span style=\"color: blue;\">&lt;</span><span style=\"color: #a31515;\">text</span> <span style=\"color: red;\">id</span><span style=\"color: blue;\">=</span><span style=\"color: black;\">\"</span><span style=\"color: blue;\">nvbvbacvanderenllegendtext5</span><span style=\"color: black;\">\"</span> <span style=\"color: red;\">x</span><span style=\"color: blue;\">=</span><span style=\"color: black;\">\"</span><span style=\"color: blue;\">39</span><span style=\"color: black;\">\"</span> <span style=\"color: red;\">y</span><span style=\"color: blue;\">=</span><span style=\"color: black;\">\"</span><span style=\"color: blue;\">117</span><span style=\"color: black;\">\"</span> <span style=\"color: red;\">rotate</span><span style=\"color: blue;\">=</span><span style=\"color: black;\">\"</span><span style=\"color: blue;\">0</span><span style=\"color: black;\">\"</span> <span style=\"color: red;\">font-size</span><span style=\"color: blue;\">=</span><span style=\"color: black;\">\"</span><span style=\"color: blue;\">10</span><span style=\"color: black;\">\"</span> <span style=\"color: red;\">fill</span><span style=\"color: blue;\">=</span><span style=\"color: black;\">\"</span><span style=\"color: blue;\">#FFFFFF</span><span style=\"color: black;\">\"</span> <span style=\"color: red;\">font-family</span><span style=\"color: blue;\">=</span><span style=\"color: black;\">\"</span><span style=\"color: blue;\">Verdana</span><span style=\"color: black;\">\"</span><span style=\"color: blue;\">&gt;</span>2009<span style=\"color: blue;\">&lt;/</span><span style=\"color: #a31515;\">text</span><span style=\"color: blue;\">&gt;</span>\n<span style=\"color: blue;\">&lt;</span><span style=\"color: #a31515;\">text</span> <span style=\"color: red;\">id</span><span style=\"color: blue;\">=</span><span style=\"color: black;\">\"</span><span style=\"color: blue;\">nvbvbacvanderenllegendtext6</span><span style=\"color: black;\">\"</span> <span style=\"color: red;\">x</span><span style=\"color: blue;\">=</span><span style=\"color: black;\">\"</span><span style=\"color: blue;\">39</span><span style=\"color: black;\">\"</span> <span style=\"color: red;\">y</span><span style=\"color: blue;\">=</span><span style=\"color: black;\">\"</span><span style=\"color: blue;\">131</span><span style=\"color: black;\">\"</span> <span style=\"color: red;\">rotate</span><span style=\"color: blue;\">=</span><span style=\"color: black;\">\"</span><span style=\"color: blue;\">0</span><span style=\"color: black;\">\"</span> <span style=\"color: red;\">font-size</span><span style=\"color: blue;\">=</span><span style=\"color: black;\">\"</span><span style=\"color: blue;\">10</span><span style=\"color: black;\">\"</span> <span style=\"color: red;\">fill</span><span style=\"color: blue;\">=</span><span style=\"color: black;\">\"</span><span style=\"color: blue;\">#FFFFFF</span><span style=\"color: black;\">\"</span> <span style=\"color: red;\">font-family</span><span style=\"color: blue;\">=</span><span style=\"color: black;\">\"</span><span style=\"color: blue;\">Verdana</span><span style=\"color: black;\">\"</span><span style=\"color: blue;\">&gt;</span>2010<span style=\"color: blue;\">&lt;/</span><span style=\"color: #a31515;\">text</span><span style=\"color: blue;\">&gt;</span>\n<span style=\"color: blue;\">&lt;</span><span style=\"color: #a31515;\">text</span> <span style=\"color: red;\">id</span><span style=\"color: blue;\">=</span><span style=\"color: black;\">\"</span><span style=\"color: blue;\">nvbvbacvanderenlnvtotaltext1</span><span style=\"color: black;\">\"</span> <span style=\"color: red;\">x</span><span style=\"color: blue;\">=</span><span style=\"color: black;\">\"</span><span style=\"color: blue;\">113</span><span style=\"color: black;\">\"</span> <span style=\"color: red;\">y</span><span style=\"color: blue;\">=</span><span style=\"color: black;\">\"</span><span style=\"color: blue;\">61</span><span style=\"color: black;\">\"</span> <span style=\"color: red;\">rotate</span><span style=\"color: blue;\">=</span><span style=\"color: black;\">\"</span><span style=\"color: blue;\">0</span><span style=\"color: black;\">\"</span> <span style=\"color: red;\">font-size</span><span style=\"color: blue;\">=</span><span style=\"color: black;\">\"</span><span style=\"color: blue;\">10</span><span style=\"color: black;\">\"</span> <span style=\"color: red;\">text-anchor</span><span style=\"color: blue;\">=</span><span style=\"color: black;\">\"</span><span style=\"color: blue;\">middle</span><span style=\"color: black;\">\"</span> <span style=\"color: red;\">fill</span><span style=\"color: blue;\">=</span><span style=\"color: black;\">\"</span><span style=\"color: blue;\">#FFFFFF</span><span style=\"color: black;\">\"</span> <span style=\"color: red;\">font-family</span><span style=\"color: blue;\">=</span><span style=\"color: black;\">\"</span><span style=\"color: blue;\">Verdana</span><span style=\"color: black;\">\"</span> <span style=\"color: red;\">clip-path</span><span style=\"color: blue;\">=</span><span style=\"color: black;\">\"</span><span style=\"color: blue;\">url(#nvbvbacvanderenlnvtotaltext1clip)</span><span style=\"color: black;\">\"</span><span style=\"color: blue;\">&gt;</span>92000<span style=\"color: blue;\">&lt;/</span><span style=\"color: #a31515;\">text</span><span style=\"color: blue;\">&gt;</span>\n<span style=\"color: blue;\">&lt;</span><span style=\"color: #a31515;\">text</span> <span style=\"color: red;\">id</span><span style=\"color: blue;\">=</span><span style=\"color: black;\">\"</span><span style=\"color: blue;\">nvbvbacvanderenlnvtotaltext2</span><span style=\"color: black;\">\"</span> <span style=\"color: red;\">x</span><span style=\"color: blue;\">=</span><span style=\"color: black;\">\"</span><span style=\"color: blue;\">113</span><span style=\"color: black;\">\"</span> <span style=\"color: red;\">y</span><span style=\"color: blue;\">=</span><span style=\"color: black;\">\"</span><span style=\"color: blue;\">75</span><span style=\"color: black;\">\"</span> <span style=\"color: red;\">rotate</span><span style=\"color: blue;\">=</span><span style=\"color: black;\">\"</span><span style=\"color: blue;\">0</span><span style=\"color: black;\">\"</span> <span style=\"color: red;\">font-size</span><span style=\"color: blue;\">=</span><span style=\"color: black;\">\"</span><span style=\"color: blue;\">10</span><span style=\"color: black;\">\"</span> <span style=\"color: red;\">text-anchor</span><span style=\"color: blue;\">=</span><span style=\"color: black;\">\"</span><span style=\"color: blue;\">middle</span><span style=\"color: black;\">\"</span> <span style=\"color: red;\">fill</span><span style=\"color: blue;\">=</span><span style=\"color: black;\">\"</span><span style=\"color: blue;\">#FFFFFF</span><span style=\"color: black;\">\"</span> <span style=\"color: red;\">font-family</span><span style=\"color: blue;\">=</span><span style=\"color: black;\">\"</span><span style=\"color: blue;\">Verdana</span><span style=\"color: black;\">\"</span> <span style=\"color: red;\">clip-path</span><span style=\"color: blue;\">=</span><span style=\"color: black;\">\"</span><span style=\"color: blue;\">url(#nvbvbacvanderenlnvtotaltext2clip)</span><span style=\"color: black;\">\"</span><span style=\"color: blue;\">&gt;</span>30000<span style=\"color: blue;\">&lt;/</span><span style=\"color: #a31515;\">text</span><span style=\"color: blue;\">&gt;</span>\n<span style=\"color: blue;\">&lt;</span><span style=\"color: #a31515;\">text</span> <span style=\"color: red;\">id</span><span style=\"color: blue;\">=</span><span style=\"color: black;\">\"</span><span style=\"color: blue;\">nvbvbacvanderenlnvtotaltext3</span><span style=\"color: black;\">\"</span> <span style=\"color: red;\">x</span><span style=\"color: blue;\">=</span><span style=\"color: black;\">\"</span><span style=\"color: blue;\">113</span><span style=\"color: black;\">\"</span> <span style=\"color: red;\">y</span><span style=\"color: blue;\">=</span><span style=\"color: black;\">\"</span><span style=\"color: blue;\">89</span><span style=\"color: black;\">\"</span> <span style=\"color: red;\">rotate</span><span style=\"color: blue;\">=</span><span style=\"color: black;\">\"</span><span style=\"color: blue;\">0</span><span style=\"color: black;\">\"</span> <span style=\"color: red;\">font-size</span><span style=\"color: blue;\">=</span><span style=\"color: black;\">\"</span><span style=\"color: blue;\">10</span><span style=\"color: black;\">\"</span> <span style=\"color: red;\">text-anchor</span><span style=\"color: blue;\">=</span><span style=\"color: black;\">\"</span><span style=\"color: blue;\">middle</span><span style=\"color: black;\">\"</span> <span style=\"color: red;\">fill</span><span style=\"color: blue;\">=</span><span style=\"color: black;\">\"</span><span style=\"color: blue;\">#FFFFFF</span><span style=\"color: black;\">\"</span> <span style=\"color: red;\">font-family</span><span style=\"color: blue;\">=</span><span style=\"color: black;\">\"</span><span style=\"color: blue;\">Verdana</span><span style=\"color: black;\">\"</span> <span style=\"color: red;\">clip-path</span><span style=\"color: blue;\">=</span><span style=\"color: black;\">\"</span><span style=\"color: blue;\">url(#nvbvbacvanderenlnvtotaltext3clip)</span><span style=\"color: black;\">\"</span><span style=\"color: blue;\">&gt;</span>88534<span style=\"color: blue;\">&lt;/</span><span style=\"color: #a31515;\">text</span><span style=\"color: blue;\">&gt;</span>\n<span style=\"color: blue;\">&lt;</span><span style=\"color: #a31515;\">text</span> <span style=\"color: red;\">id</span><span style=\"color: blue;\">=</span><span style=\"color: black;\">\"</span><span style=\"color: blue;\">nvbvbacvanderenlnvtotaltext4</span><span style=\"color: black;\">\"</span> <span style=\"color: red;\">x</span><span style=\"color: blue;\">=</span><span style=\"color: black;\">\"</span><span style=\"color: blue;\">113</span><span style=\"color: black;\">\"</span> <span style=\"color: red;\">y</span><span style=\"color: blue;\">=</span><span style=\"color: black;\">\"</span><span style=\"color: blue;\">103</span><span style=\"color: black;\">\"</span> <span style=\"color: red;\">rotate</span><span style=\"color: blue;\">=</span><span style=\"color: black;\">\"</span><span style=\"color: blue;\">0</span><span style=\"color: black;\">\"</span> <span style=\"color: red;\">font-size</span><span style=\"color: blue;\">=</span><span style=\"color: black;\">\"</span><span style=\"color: blue;\">10</span><span style=\"color: black;\">\"</span> <span style=\"color: red;\">text-anchor</span><span style=\"color: blue;\">=</span><span style=\"color: black;\">\"</span><span style=\"color: blue;\">middle</span><span style=\"color: black;\">\"</span> <span style=\"color: red;\">fill</span><span style=\"color: blue;\">=</span><span style=\"color: black;\">\"</span><span style=\"color: blue;\">#FFFFFF</span><span style=\"color: black;\">\"</span> <span style=\"color: red;\">font-family</span><span style=\"color: blue;\">=</span><span style=\"color: black;\">\"</span><span style=\"color: blue;\">Verdana</span><span style=\"color: black;\">\"</span> <span style=\"color: red;\">clip-path</span><span style=\"color: blue;\">=</span><span style=\"color: black;\">\"</span><span style=\"color: blue;\">url(#nvbvbacvanderenlnvtotaltext4clip)</span><span style=\"color: black;\">\"</span><span style=\"color: blue;\">&gt;</span>92106<span style=\"color: blue;\">&lt;/</span><span style=\"color: #a31515;\">text</span><span style=\"color: blue;\">&gt;</span>\n<span style=\"color: blue;\">&lt;</span><span style=\"color: #a31515;\">text</span> <span style=\"color: red;\">id</span><span style=\"color: blue;\">=</span><span style=\"color: black;\">\"</span><span style=\"color: blue;\">nvbvbacvanderenlnvtotaltext5</span><span style=\"color: black;\">\"</span> <span style=\"color: red;\">x</span><span style=\"color: blue;\">=</span><span style=\"color: black;\">\"</span><span style=\"color: blue;\">113</span><span style=\"color: black;\">\"</span> <span style=\"color: red;\">y</span><span style=\"color: blue;\">=</span><span style=\"color: black;\">\"</span><span style=\"color: blue;\">117</span><span style=\"color: black;\">\"</span> <span style=\"color: red;\">rotate</span><span style=\"color: blue;\">=</span><span style=\"color: black;\">\"</span><span style=\"color: blue;\">0</span><span style=\"color: black;\">\"</span> <span style=\"color: red;\">font-size</span><span style=\"color: blue;\">=</span><span style=\"color: black;\">\"</span><span style=\"color: blue;\">10</span><span style=\"color: black;\">\"</span> <span style=\"color: red;\">text-anchor</span><span style=\"color: blue;\">=</span><span style=\"color: black;\">\"</span><span style=\"color: blue;\">middle</span><span style=\"color: black;\">\"</span> <span style=\"color: red;\">fill</span><span style=\"color: blue;\">=</span><span style=\"color: black;\">\"</span><span style=\"color: blue;\">#FFFFFF</span><span style=\"color: black;\">\"</span> <span style=\"color: red;\">font-family</span><span style=\"color: blue;\">=</span><span style=\"color: black;\">\"</span><span style=\"color: blue;\">Verdana</span><span style=\"color: black;\">\"</span> <span style=\"color: red;\">clip-path</span><span style=\"color: blue;\">=</span><span style=\"color: black;\">\"</span><span style=\"color: blue;\">url(#nvbvbacvanderenlnvtotaltext5clip)</span><span style=\"color: black;\">\"</span><span style=\"color: blue;\">&gt;</span>92227<span style=\"color: blue;\">&lt;/</span><span style=\"color: #a31515;\">text</span><span style=\"color: blue;\">&gt;</span>\n<span style=\"color: blue;\">&lt;</span><span style=\"color: #a31515;\">text</span> <span style=\"color: red;\">id</span><span style=\"color: blue;\">=</span><span style=\"color: black;\">\"</span><span style=\"color: blue;\">nvbvbacvanderenlnvtotaltext6</span><span style=\"color: black;\">\"</span> <span style=\"color: red;\">x</span><span style=\"color: blue;\">=</span><span style=\"color: black;\">\"</span><span style=\"color: blue;\">113</span><span style=\"color: black;\">\"</span> <span style=\"color: red;\">y</span><span style=\"color: blue;\">=</span><span style=\"color: black;\">\"</span><span style=\"color: blue;\">131</span><span style=\"color: black;\">\"</span> <span style=\"color: red;\">rotate</span><span style=\"color: blue;\">=</span><span style=\"color: black;\">\"</span><span style=\"color: blue;\">0</span><span style=\"color: black;\">\"</span> <span style=\"color: red;\">font-size</span><span style=\"color: blue;\">=</span><span style=\"color: black;\">\"</span><span style=\"color: blue;\">10</span><span style=\"color: black;\">\"</span> <span style=\"color: red;\">text-anchor</span><span style=\"color: blue;\">=</span><span style=\"color: black;\">\"</span><span style=\"color: blue;\">middle</span><span style=\"color: black;\">\"</span> <span style=\"color: red;\">fill</span><span style=\"color: blue;\">=</span><span style=\"color: black;\">\"</span><span style=\"color: blue;\">#FFFFFF</span><span style=\"color: black;\">\"</span> <span style=\"color: red;\">font-family</span><span style=\"color: blue;\">=</span><span style=\"color: black;\">\"</span><span style=\"color: blue;\">Verdana</span><span style=\"color: black;\">\"</span> <span style=\"color: red;\">clip-path</span><span style=\"color: blue;\">=</span><span style=\"color: black;\">\"</span><span style=\"color: blue;\">url(#nvbvbacvanderenlnvtotaltext6clip)</span><span style=\"color: black;\">\"</span><span style=\"color: blue;\">&gt;</span>88534<span style=\"color: blue;\">&lt;/</span><span style=\"color: #a31515;\">text</span><span style=\"color: blue;\">&gt;</span>\n<span style=\"color: blue;\">&lt;/</span><span style=\"color: #a31515;\">g</span><span style=\"color: blue;\">&gt;</span>\n<span style=\"color: blue;\">&lt;</span><span style=\"color: #a31515;\">defs</span><span style=\"color: blue;\">&gt;</span>\n<span style=\"color: blue;\">&lt;</span><span style=\"color: #a31515;\">clipPath</span> <span style=\"color: red;\">id</span><span style=\"color: blue;\">=</span><span style=\"color: black;\">\"</span><span style=\"color: blue;\">nvbvbacvanderenlnvtotaltext1clip</span><span style=\"color: black;\">\"</span><span style=\"color: blue;\">&gt;</span><span style=\"color: blue;\">&lt;</span><span style=\"color: #a31515;\">rect</span> <span style=\"color: red;\">id</span><span style=\"color: blue;\">=</span><span style=\"color: black;\">\"</span><span style=\"color: blue;\">nvbvbacvanderenlnvtotal1CLIPRECT</span><span style=\"color: black;\">\"</span> <span style=\"color: red;\">x</span><span style=\"color: blue;\">=</span><span style=\"color: black;\">\"</span><span style=\"color: blue;\">73</span><span style=\"color: black;\">\"</span> <span style=\"color: red;\">y</span><span style=\"color: blue;\">=</span><span style=\"color: black;\">\"</span><span style=\"color: blue;\">50</span><span style=\"color: black;\">\"</span> <span style=\"color: red;\">width</span><span style=\"color: blue;\">=</span><span style=\"color: black;\">\"</span><span style=\"color: blue;\">40</span><span style=\"color: black;\">\"</span> <span style=\"color: red;\">height</span><span style=\"color: blue;\">=</span><span style=\"color: black;\">\"</span><span style=\"color: blue;\">14</span><span style=\"color: black;\">\"</span> <span style=\"color: blue;\">/&gt;</span><span style=\"color: blue;\">&lt;/</span><span style=\"color: #a31515;\">clipPath</span><span style=\"color: blue;\">&gt;</span>\n<span style=\"color: blue;\">&lt;</span><span style=\"color: #a31515;\">clipPath</span> <span style=\"color: red;\">id</span><span style=\"color: blue;\">=</span><span style=\"color: black;\">\"</span><span style=\"color: blue;\">nvbvbacvanderenlnvtotaltext2clip</span><span style=\"color: black;\">\"</span><span style=\"color: blue;\">&gt;</span><span style=\"color: blue;\">&lt;</span><span style=\"color: #a31515;\">rect</span> <span style=\"color: red;\">id</span><span style=\"color: blue;\">=</span><span style=\"color: black;\">\"</span><span style=\"color: blue;\">nvbvbacvanderenlnvtotal2CLIPRECT</span><span style=\"color: black;\">\"</span> <span style=\"color: red;\">x</span><span style=\"color: blue;\">=</span><span style=\"color: black;\">\"</span><span style=\"color: blue;\">73</span><span style=\"color: black;\">\"</span> <span style=\"color: red;\">y</span><span style=\"color: blue;\">=</span><span style=\"color: black;\">\"</span><span style=\"color: blue;\">64</span><span style=\"color: black;\">\"</span> <span style=\"color: red;\">width</span><span style=\"color: blue;\">=</span><span style=\"color: black;\">\"</span><span style=\"color: blue;\">26.0227482190682</span><span style=\"color: black;\">\"</span> <span style=\"color: red;\">height</span><span style=\"color: blue;\">=</span><span style=\"color: black;\">\"</span><span style=\"color: blue;\">14</span><span style=\"color: black;\">\"</span> <span style=\"color: blue;\">/&gt;</span><span style=\"color: blue;\">&lt;/</span><span style=\"color: #a31515;\">clipPath</span><span style=\"color: blue;\">&gt;</span>\n<span style=\"color: blue;\">&lt;</span><span style=\"color: #a31515;\">clipPath</span> <span style=\"color: red;\">id</span><span style=\"color: blue;\">=</span><span style=\"color: black;\">\"</span><span style=\"color: blue;\">nvbvbacvanderenlnvtotaltext3clip</span><span style=\"color: black;\">\"</span><span style=\"color: blue;\">&gt;</span><span style=\"color: blue;\">&lt;</span><span style=\"color: #a31515;\">rect</span> <span style=\"color: red;\">id</span><span style=\"color: blue;\">=</span><span style=\"color: black;\">\"</span><span style=\"color: blue;\">nvbvbacvanderenlnvtotal3CLIPRECT</span><span style=\"color: black;\">\"</span> <span style=\"color: red;\">x</span><span style=\"color: blue;\">=</span><span style=\"color: black;\">\"</span><span style=\"color: blue;\">73</span><span style=\"color: black;\">\"</span> <span style=\"color: red;\">y</span><span style=\"color: blue;\">=</span><span style=\"color: black;\">\"</span><span style=\"color: blue;\">78</span><span style=\"color: black;\">\"</span> <span style=\"color: red;\">width</span><span style=\"color: blue;\">=</span><span style=\"color: black;\">\"</span><span style=\"color: blue;\">76.7965996942327</span><span style=\"color: black;\">\"</span> <span style=\"color: red;\">height</span><span style=\"color: blue;\">=</span><span style=\"color: black;\">\"</span><span style=\"color: blue;\">14</span><span style=\"color: black;\">\"</span> <span style=\"color: blue;\">/&gt;</span><span style=\"color: blue;\">&lt;/</span><span style=\"color: #a31515;\">clipPath</span><span style=\"color: blue;\">&gt;</span>\n<span style=\"color: blue;\">&lt;</span><span style=\"color: #a31515;\">clipPath</span> <span style=\"color: red;\">id</span><span style=\"color: blue;\">=</span><span style=\"color: black;\">\"</span><span style=\"color: blue;\">nvbvbacvanderenlnvtotaltext4clip</span><span style=\"color: black;\">\"</span><span style=\"color: blue;\">&gt;</span><span style=\"color: blue;\">&lt;</span><span style=\"color: #a31515;\">rect</span> <span style=\"color: red;\">id</span><span style=\"color: blue;\">=</span><span style=\"color: black;\">\"</span><span style=\"color: blue;\">nvbvbacvanderenlnvtotal4CLIPRECT</span><span style=\"color: black;\">\"</span> <span style=\"color: red;\">x</span><span style=\"color: blue;\">=</span><span style=\"color: black;\">\"</span><span style=\"color: blue;\">73</span><span style=\"color: black;\">\"</span> <span style=\"color: red;\">y</span><span style=\"color: blue;\">=</span><span style=\"color: black;\">\"</span><span style=\"color: blue;\">92</span><span style=\"color: black;\">\"</span> <span style=\"color: red;\">width</span><span style=\"color: blue;\">=</span><span style=\"color: black;\">\"</span><span style=\"color: blue;\">79.8950415821831</span><span style=\"color: black;\">\"</span> <span style=\"color: red;\">height</span><span style=\"color: blue;\">=</span><span style=\"color: black;\">\"</span><span style=\"color: blue;\">14</span><span style=\"color: black;\">\"</span> <span style=\"color: blue;\">/&gt;</span><span style=\"color: blue;\">&lt;/</span><span style=\"color: #a31515;\">clipPath</span><span style=\"color: blue;\">&gt;</span>\n<span style=\"color: blue;\">&lt;</span><span style=\"color: #a31515;\">clipPath</span> <span style=\"color: red;\">id</span><span style=\"color: blue;\">=</span><span style=\"color: black;\">\"</span><span style=\"color: blue;\">nvbvbacvanderenlnvtotaltext5clip</span><span style=\"color: black;\">\"</span><span style=\"color: blue;\">&gt;</span><span style=\"color: blue;\">&lt;</span><span style=\"color: #a31515;\">rect</span> <span style=\"color: red;\">id</span><span style=\"color: blue;\">=</span><span style=\"color: black;\">\"</span><span style=\"color: blue;\">nvbvbacvanderenlnvtotal5CLIPRECT</span><span style=\"color: black;\">\"</span> <span style=\"color: red;\">x</span><span style=\"color: blue;\">=</span><span style=\"color: black;\">\"</span><span style=\"color: blue;\">73</span><span style=\"color: black;\">\"</span> <span style=\"color: red;\">y</span><span style=\"color: blue;\">=</span><span style=\"color: black;\">\"</span><span style=\"color: blue;\">106</span><span style=\"color: black;\">\"</span> <span style=\"color: red;\">width</span><span style=\"color: blue;\">=</span><span style=\"color: black;\">\"</span><span style=\"color: blue;\">80</span><span style=\"color: black;\">\"</span> <span style=\"color: red;\">height</span><span style=\"color: blue;\">=</span><span style=\"color: black;\">\"</span><span style=\"color: blue;\">14</span><span style=\"color: black;\">\"</span> <span style=\"color: blue;\">/&gt;</span><span style=\"color: blue;\">&lt;/</span><span style=\"color: #a31515;\">clipPath</span><span style=\"color: blue;\">&gt;</span>\n<span style=\"color: blue;\">&lt;</span><span style=\"color: #a31515;\">clipPath</span> <span style=\"color: red;\">id</span><span style=\"color: blue;\">=</span><span style=\"color: black;\">\"</span><span style=\"color: blue;\">nvbvbacvanderenlnvtotaltext6clip</span><span style=\"color: black;\">\"</span><span style=\"color: blue;\">&gt;</span><span style=\"color: blue;\">&lt;</span><span style=\"color: #a31515;\">rect</span> <span style=\"color: red;\">id</span><span style=\"color: blue;\">=</span><span style=\"color: black;\">\"</span><span style=\"color: blue;\">nvbvbacvanderenlnvtotal6CLIPRECT</span><span style=\"color: black;\">\"</span> <span style=\"color: red;\">x</span><span style=\"color: blue;\">=</span><span style=\"color: black;\">\"</span><span style=\"color: blue;\">73</span><span style=\"color: black;\">\"</span> <span style=\"color: red;\">y</span><span style=\"color: blue;\">=</span><span style=\"color: black;\">\"</span><span style=\"color: blue;\">120</span><span style=\"color: black;\">\"</span> <span style=\"color: red;\">width</span><span style=\"color: blue;\">=</span><span style=\"color: black;\">\"</span><span style=\"color: blue;\">76.7965996942327</span><span style=\"color: black;\">\"</span> <span style=\"color: red;\">height</span><span style=\"color: blue;\">=</span><span style=\"color: black;\">\"</span><span style=\"color: blue;\">14</span><span style=\"color: black;\">\"</span> <span style=\"color: blue;\">/&gt;</span><span style=\"color: blue;\">&lt;/</span><span style=\"color: #a31515;\">clipPath</span><span style=\"color: blue;\">&gt;</span>\n<span style=\"color: blue;\">&lt;/</span><span style=\"color: #a31515;\">defs</span><span style=\"color: blue;\">&gt;</span>\n<span style=\"color: blue;\">&lt;/</span><span style=\"color: #a31515;\">svg</span><span style=\"color: blue;\">&gt;</span>\n</pre>\n</div>\n<p>This is my outcome in JPG. As you can see the white text (which should be clipped) is still there which creates a weird efffect. The white text overlays the black text and this gives a distorted outcome in this picture.</p>\n<p><img src=\"http://i128.photobucket.com/albums/p184/stijnzer/svgsample.jpg\" alt=\"\" /></p>\n<p>&nbsp;</p>\n<p>&nbsp;</p>\n<p>this is my code (asp.net project that returns charts)</p>\n<p>&nbsp;</p>\n<div style=\"color: black; background-color: white;\">\n<pre>Dim newStream <span style=\"color: blue;\">As</span> <span style=\"color: blue;\">New</span> System.IO.MemoryStream(ASCIIEncoding.<span style=\"color: blue;\">Default</span>.GetBytes(newDom.InnerXml))\n<span style=\"color: blue;\">Dim</span> testSVG <span style=\"color: blue;\">As</span> Svg.SvgDocument = Svg.SvgDocument.Open(newStream, <span style=\"color: blue;\">Nothing</span>)\n\n<span style=\"color: blue;\">Dim</span> tempStream <span style=\"color: blue;\">As</span> <span style=\"color: blue;\">New</span> System.IO.MemoryStream()\ntestSVG.Draw().Save(tempStream, System.Drawing.Imaging.ImageFormat.Jpeg)\n<span style=\"color: blue;\">Dim</span> img <span style=\"color: blue;\">As</span> System.Drawing.Image\nimg = System.Drawing.Image.FromStream(tempStream)\nimg.Save(tempStream, System.Drawing.Imaging.ImageFormat.Jpeg)\nContext.Response.ContentType = <span style=\"color: #a31515;\">\"image/jpeg\"</span>\nContext.Response.BinaryWrite(tempStream.ToArray)\n</pre>\n</div>\n<p>&nbsp;</p>\n<p>(newDom.innerXml contains the svg string)</p>\n<p>&nbsp;</p>\n<p>&nbsp;</p>\n<p>I'm not sure where the problem is, the linking, the rendering ,....</p>",
    "PostedDate": "2012-03-21T08:35:04.98-07:00",
    "UserRole": null,
    "MarkedAsAnswerDate": null
  },
  {
    "Id": "813790",
    "ThreadId": "349300",
    "Html": "<p>Ah, it looks like you're possibly using the latest download version? There have been many bug fixes in the source code that haven't been released since then*.</p>\r\n<p>The latest version of the source code doesn't appear to have this issue (your SVG file seems to render as expected), so if you can, download the latest source code and compile it.</p>\r\n<p>&nbsp;</p>\r\n<p>* - It's possible that clipping isn't even supported in that download.</p>",
    "PostedDate": "2012-03-21T15:42:36.063-07:00",
    "UserRole": "Owner",
    "MarkedAsAnswerDate": null
  },
  {
    "Id": "813911",
    "ThreadId": "349300",
    "Html": "<p>I was indeed using the latest download version.</p>\n<p>I've compiled the source code and everything works fine right now!</p>\n<p>&nbsp;</p>\n<p>Thanks for the support Dave</p>",
    "PostedDate": "2012-03-22T01:30:43.723-07:00",
    "UserRole": null,
    "MarkedAsAnswerDate": null
  }
]