[
  {
    "Id": "1317306",
    "ThreadId": "570810",
    "Html": "Exporting like this<br />\n<pre><code>            Dim sample = Svg.SvgDocument.Open(Server.MapPath(&quot;~/App_Data/temp.svg&quot;))\n            sample.Draw().Save(imgPng)</code></pre>\n\nIt is exporting the following svg<br />\n<pre><code>&lt;?xml version='1.0' ?&gt;&lt;svg xmlns='http://www.w3.org/2000/svg' version='1.1' width='700px' height='200px' style='position: relative; display: inline;'&gt;&lt;defs id='k10046'&gt;&lt;/defs&gt;&lt;path style='display: block; '  d='M0 0 700 0 700 200 0 200 z'  stroke=''   stroke-width='0'  stroke-linecap='square' stroke-linejoin='round' fill-opacity='1' stroke-opacity='1' fill='none'&gt;&lt;/path&gt;&lt;path style='display: block; '  d='M215 2 698 2 698 198 215 198 z'   stroke-width='0.1'  stroke-linecap='square' stroke-linejoin='round' fill-opacity='1' stroke-opacity='1' fill='#ffffff'&gt;&lt;/path&gt;&lt;path  id='k10003' style='display: block; '  data-model-id='k10001'  d='M215 2 698 2 698 198 215 198 z'  stroke=''   stroke-linecap='square' stroke-linejoin='round' fill-opacity='0' stroke-opacity='1' fill='#fff'&gt;&lt;/path&gt;&lt;g id='k10012' &gt;&lt;/g&gt;&lt;g&gt;&lt;path  id='k10047' style='display: block; '  data-model-id='k10009'  d='M 456.5 4 A96 96 0 0,1 456.5 196 L 456.5 100 z'   stroke-linecap='square' stroke-linejoin='round' fill-opacity='1' stroke-opacity='1' fill='#fcd353'&gt;&lt;/path&gt;&lt;path  id='k10010' style='display: block; '  data-model-id='k10009'  d='M 456.5 4 A96 96 0 0,1 456.5 196 L 456.5 100 z'   stroke-linecap='square' stroke-linejoin='round' fill-opacity='1' stroke-opacity='1' fill='none'&gt;&lt;/path&gt;&lt;/g&gt;&lt;g&gt;&lt;path  id='k10048' style='display: block; '  data-model-id='k10007'  d='M 456.5 196 A96 96 0 0,1 456.5 4 L 456.5 100 z'   stroke-linecap='square' stroke-linejoin='round' fill-opacity='1' stroke-opacity='1' fill='#f78707'&gt;&lt;/path&gt;&lt;path  id='k10008' style='display: block; '  data-model-id='k10007'  d='M 456.5 196 A96 96 0 0,1 456.5 4 L 456.5 100 z'   stroke-linecap='square' stroke-linejoin='round' fill-opacity='1' stroke-opacity='1' fill='none'&gt;&lt;/path&gt;&lt;/g&gt;&lt;g&gt;&lt;path style='display: block; '  d='M7 62 210 62 210 136 7 136 z'  stroke=''   stroke-width='0'  stroke-linecap='square' stroke-linejoin='round' fill-opacity='1' stroke-opacity='1' fill='#ffffff'&gt;&lt;/path&gt;&lt;text  id='k10019'   data-model-id='k10018'  x='28' y='80' fill-opacity='1'  style='font: 14px Arial; cursor: pointer;' fill='#000'&gt;Mottagna och lästa 50.00% &lt;/text&gt;&lt;text  id='k10017'   data-model-id='k10016'  x='28' y='96' fill-opacity='1'  style='font: 14px Arial; cursor: pointer;' fill='#000'&gt;Mottagna ej lästa 50.00% &lt;/text&gt;&lt;text  id='k10015'   data-model-id='k10014'  x='28' y='112' fill-opacity='1'  style='font: 14px Arial; cursor: pointer;' fill='#000'&gt;Mjuk studs 0.00% &lt;/text&gt;&lt;text  id='k10013'   data-model-id='k10045'  x='28' y='128' fill-opacity='1'  style='font: 14px Arial; cursor: pointer;' fill='#000'&gt;Hård studs 0.00% &lt;/text&gt;&lt;path style='display: block; cursor: pointer;'  data-model-id='k10018'  d='M12 71 20 71 20 79 12 79 z'  stroke='#fcd353'   stroke-width='1'  stroke-linecap='square' stroke-linejoin='round' fill-opacity='1' stroke-opacity='1' fill='#fcd353'&gt;&lt;/path&gt;&lt;path style='display: block; cursor: pointer;'  data-model-id='k10016'  d='M12 87 20 87 20 95 12 95 z'  stroke='#f78707'   stroke-width='1'  stroke-linecap='square' stroke-linejoin='round' fill-opacity='1' stroke-opacity='1' fill='#f78707'&gt;&lt;/path&gt;&lt;path style='display: block; cursor: pointer;'  data-model-id='k10014'  d='M12 103 20 103 20 111 12 111 z'  stroke='#f74747'   stroke-width='1'  stroke-linecap='square' stroke-linejoin='round' fill-opacity='1' stroke-opacity='1' fill='#f74747'&gt;&lt;/path&gt;&lt;path style='display: block; cursor: pointer;'  data-model-id='k10045'  d='M12 119 20 119 20 127 12 127 z'  stroke='#333333'   stroke-width='1'  stroke-linecap='square' stroke-linejoin='round' fill-opacity='1' stroke-opacity='1' fill='#333333'&gt;&lt;/path&gt;&lt;/g&gt;&lt;/svg&gt;</code></pre>\n\nas this image\r<br />\n<br />\n<img src=\"http://client11.managebase.com/files/407-exportedChart.png\" alt=\"Image\" />\r<br />\n<br />\n<br />\nProblems:\r<br />\nText not shown\r<br />\n<br />\n<br />\nAny Help Please!!<br />\n",
    "PostedDate": "2014-10-29T04:22:43.997-07:00",
    "UserRole": null,
    "MarkedAsAnswerDate": null
  },
  {
    "Id": "1330777",
    "ThreadId": "570810",
    "Html": "the codeplex repo is over 2 years old, please use this fork now: <a href=\"https://github.com/vvvv/SVG\" rel=\"nofollow\">https://github.com/vvvv/SVG</a><br />\n",
    "PostedDate": "2014-12-10T14:11:00.093-08:00",
    "UserRole": null,
    "MarkedAsAnswerDate": null
  }
]