[
  {
    "Id": "141424",
    "ThreadId": "42546",
    "Html": "<p>Using the following code in a WinForms application I get the listed error.<br>\r\nThe last line generates an &quot;NullReferenceException was unhandled&quot;,<br>\r\n&quot;Object reference not set to an instance of an object&quot; error.<br>\r\nAny ideas?<br>\r\n<br>\r\nThanks.<br>\r\n<br>\r\nLarry<br>\r\n<br>\r\n<span style=\"color:#2b91af\">SvgDocument</span> sd = <span style=\"color:#0000ff\">new</span> <span style=\"color:#2b91af\">SvgDocument</span>();</p>\r\n<p>sd= <span style=\"color:#2b91af\">SvgDocument</span>.Open(<span style=\"color:#a31515\">@&quot;D:\\svg\\pie.svg&quot;</span>);</p>\r\n<p>sd.Draw().Save(<span style=\"color:#a31515\">@&quot;d:\\svg\\pie.jpg&quot;</span>, <span style=\"color:#2b91af\">ImageFormat</span>.Jpeg);</p>\r\n",
    "PostedDate": "2008-12-17T12:59:37.253-08:00",
    "UserRole": null,
    "MarkedAsAnswerDate": null
  },
  {
    "Id": "141467",
    "ThreadId": "42546",
    "Html": "Hi Larry,<br>\r\n<br>\r\nHmm now there is no reason why it shouldn't work. There is, however, a known bug that will cause a NullReferenceException to be thrown if no Width/Height is specified for the document:<br>\r\n<br>\r\n&lt;svg&gt; instead of &lt;svg width=&quot;800&quot; height=&quot;600&quot;&gt;<br>\r\n<br>\r\nThe library isn't able to calculate these yet, but <em>hopefully</em> this issue will be fixed in the next release.<br>\r\n<br>\r\nIf setting the width/height doesn't work (or if you're already setting them :-) ) raise a work item or send me mail with the Stack Trace and pie.svg if possible.<br>\r\n<br>\r\nLet me know how you go!<br>\r\n<br>\r\nCheers,<br>\r\nDave<br>\r\n",
    "PostedDate": "2008-12-17T15:17:32.983-08:00",
    "UserRole": "Owner",
    "MarkedAsAnswerDate": null
  },
  {
    "Id": "425855",
    "ThreadId": "42546",
    "Html": "<p><span title=\"Ho un problema con questo codice.\">Hi </span></p>\r\n<p><span title=\"Ho un problema con questo codice.\">I have a problem with this code.&nbsp;</span><span title=\"Perchè?\">Why?</span></p>\r\n<p><span title=\"Perchè?\">&nbsp;</span></p>\r\n<div id=\"_mcePaste\" style=\"left:-10000px;top:0px;width:1px;height:1px;overflow-x:hidden;overflow-y:hidden\">Dim sd As SvgDocument = New SvgDocument()</div>\r\n<div id=\"_mcePaste\" style=\"left:-10000px;top:0px;width:1px;height:1px;overflow-x:hidden;overflow-y:hidden\">&nbsp;&nbsp; &nbsp; &nbsp; &nbsp;sd = SvgDocument.Open(Server.MapPath(&quot;/images/prova.svg&quot;))</div>\r\n<div id=\"_mcePaste\" style=\"left:-10000px;top:0px;width:1px;height:1px;overflow-x:hidden;overflow-y:hidden\">&nbsp;&nbsp; &nbsp; &nbsp; &nbsp;sd.Draw().Save(Server.MapPath(&quot;/images/prova.png&quot;), ImageFormat.Jpeg)</div>\r\n<p>\r\n<p>Dim sd As SvgDocument = New SvgDocument()</p>\r\n<p>&nbsp;sd = SvgDocument.Open(Server.MapPath(&quot;/images/prova.svg&quot;))</p>\r\n<p>&nbsp;sd.Draw().Save(Server.MapPath(&quot;/images/prova.png&quot;), ImageFormat.Jpeg)</p>\r\n</p>\r\n<p><span style=\"font-family:Arial, Helvetica, Geneva, SunSans-Regular, sans-serif;font-size:11px\">System.IO.FileNotFoundException: The specified document cannot be found.</span></p>\r\n<p><span style=\"color:#30332d\">Any ideas?<br><br>Thanks.<br><br>Giuseppe</span></p>\r\n<p>&nbsp;</p>",
    "PostedDate": "2010-03-31T01:55:06.877-07:00",
    "UserRole": null,
    "MarkedAsAnswerDate": null
  },
  {
    "Id": "427410",
    "ThreadId": "42546",
    "Html": "<p>Hmmm, going by the exception text it would appear that the file at &quot;Server.MapPath(&quot;/images/prova.svg&quot;)&quot; doesn't exist. Perhaps the map path is incorrect (e.g. is the slash at the beginning required... is the app running in the host root or does it have a virtual directory?)?</p>\r\n<p>&nbsp;</p>",
    "PostedDate": "2010-04-05T06:01:02.657-07:00",
    "UserRole": "Owner",
    "MarkedAsAnswerDate": null
  },
  {
    "Id": "427778",
    "ThreadId": "42546",
    "Html": "<p>Hi davescriven,</p>\r\n<p><span style=\"font-size:16px;line-height:24px\"><span style=\"background-color:#ebeff9\" title=\"L'applicazione gira nel host.\"><span style=\"color:#000000\">The application runs in the host.&nbsp;</span></span><span title=\"Ho provato anche a specificare il file con il suo percorso assoluto.\"><span style=\"color:#000000\">I also tried to specify the file with its absolute path. &nbsp;&gt; SvgDocument.Open(&quot;D:\\Documents\\Web\\Image\\prova.svg&quot;)&nbsp;</span></span></span></p>\r\n<p><span style=\"font-size:16px;line-height:24px\"><span title=\"Ho provato anche a specificare il file con il suo percorso assoluto.\"><span style=\"color:#000000\">&nbsp;</span></span><span title=\"Nulla di fatto.\"><span style=\"color:#000000\">Nothing.&nbsp;</span></span><span title=\"Questo è il file che voglio aprire:\"><span style=\"color:#000000\">This is the file I want to open:</span></span></span></p>\r\n<p>&lt;svg width=&quot;800&quot; height=&quot;600&quot;&gt;</p>\r\n<p>&nbsp;&nbsp;&lt;path stroke-width=&quot;2&quot; id=&quot;svg_102&quot; d=&quot;m9.875,23c-2,-4.25 -1.6875,-7.375 1.6875,-10.5c3.375,-3.125 7.5625,-2.75 11.0625,2&quot; stroke=&quot;#8dd35f&quot; fill=&quot;none&quot;/&gt;</p>\r\n<p>&nbsp;&nbsp;&lt;line fill=&quot;none&quot; stroke=&quot;#606060&quot; id=&quot;svg_109&quot; y2=&quot;4&quot; x2=&quot;19&quot; y1=&quot;19&quot; x1=&quot;4&quot;/&gt;</p>\r\n<p>&nbsp;&nbsp;&lt;circle stroke=&quot;#0000ff&quot; fill=&quot;#00ffff&quot; id=&quot;svg_111&quot; r=&quot;2.17578&quot; cy=&quot;11.5&quot; cx=&quot;11.5&quot;/&gt;</p>\r\n<p>&nbsp;&nbsp;&lt;circle stroke-width=&quot;0.5&quot; id=&quot;svg_121&quot; stroke=&quot;#0000ff&quot; fill=&quot;#00ffff&quot; r=&quot;2.26172&quot; cy=&quot;4&quot; cx=&quot;19&quot;/&gt;</p>\r\n<p>&nbsp;&nbsp;&lt;circle id=&quot;svg_123&quot; stroke-width=&quot;0.5&quot; stroke=&quot;#0000ff&quot; fill=&quot;#00ffff&quot; r=&quot;2.26172&quot; cy=&quot;19&quot; cx=&quot;4&quot;/&gt;</p>\r\n<p>&lt;/svg&gt;</p>\r\n<p>&nbsp;</p>\r\n<p>Can you help me?</p>",
    "PostedDate": "2010-04-06T03:16:04.33-07:00",
    "UserRole": null,
    "MarkedAsAnswerDate": null
  },
  {
    "Id": "427845",
    "ThreadId": "42546",
    "Html": "<p>I can get the above SVG to render in a very similar way to Firefox*. I did have to change one thing though. The root element must have a version and namespace:</p>\r\n<p>&nbsp;</p>\r\n<div style=\"color:Black;background-color:White\">\r\n<pre><span style=\"color:Blue\">&lt;?</span><span style=\"color:#A31515\">xml</span> <span style=\"color:Red\">version</span><span style=\"color:Blue\">=</span><span style=\"color:Black\">&quot;</span><span style=\"color:Blue\">1.0</span><span style=\"color:Black\">&quot;</span> <span style=\"color:Red\">encoding</span><span style=\"color:Blue\">=</span><span style=\"color:Black\">&quot;</span><span style=\"color:Blue\">utf-8</span><span style=\"color:Black\">&quot;</span> <span style=\"color:Blue\">?&gt;</span> \r\n<span style=\"color:Blue\">&lt;</span><span style=\"color:#A31515\">svg</span> <span style=\"color:Red\">width</span><span style=\"color:Blue\">=</span><span style=\"color:Black\">&quot;</span><span style=\"color:Blue\">800</span><span style=\"color:Black\">&quot;</span> <span style=\"color:Red\">height</span><span style=\"color:Blue\">=</span><span style=\"color:Black\">&quot;</span><span style=\"color:Blue\">600</span><span style=\"color:Black\">&quot;</span>  <span style=\"color:Red\">xmlns</span><span style=\"color:Blue\">=</span><span style=\"color:Black\">&quot;</span><span style=\"color:Blue\">http://www.w3.org/2000/svg</span><span style=\"color:Black\">&quot;</span> <span style=\"color:Red\">version</span><span style=\"color:Blue\">=</span><span style=\"color:Black\">&quot;</span><span style=\"color:Blue\">1.1</span><span style=\"color:Black\">&quot;</span><span style=\"color:Blue\">&gt;</span>\r\n  <span style=\"color:Blue\">&lt;</span><span style=\"color:#A31515\">path</span> <span style=\"color:Red\">stroke-width</span><span style=\"color:Blue\">=</span><span style=\"color:Black\">&quot;</span><span style=\"color:Blue\">2</span><span style=\"color:Black\">&quot;</span> <span style=\"color:Red\">id</span><span style=\"color:Blue\">=</span><span style=\"color:Black\">&quot;</span><span style=\"color:Blue\">svg_102</span><span style=\"color:Black\">&quot;</span> <span style=\"color:Red\">d</span><span style=\"color:Blue\">=</span><span style=\"color:Black\">&quot;</span><span style=\"color:Blue\">m9.875,23c-2,-4.25 -1.6875,-7.375 1.6875,-10.5c3.375,-3.125 7.5625,-2.75 11.0625,2</span><span style=\"color:Black\">&quot;</span> <span style=\"color:Red\">stroke</span><span style=\"color:Blue\">=</span><span style=\"color:Black\">&quot;</span><span style=\"color:Blue\">#8dd35f</span><span style=\"color:Black\">&quot;</span> <span style=\"color:Red\">fill</span><span style=\"color:Blue\">=</span><span style=\"color:Black\">&quot;</span><span style=\"color:Blue\">none</span><span style=\"color:Black\">&quot;</span><span style=\"color:Blue\">/&gt;</span>\r\n  <span style=\"color:Blue\">&lt;</span><span style=\"color:#A31515\">line</span> <span style=\"color:Red\">fill</span><span style=\"color:Blue\">=</span><span style=\"color:Black\">&quot;</span><span style=\"color:Blue\">none</span><span style=\"color:Black\">&quot;</span> <span style=\"color:Red\">stroke</span><span style=\"color:Blue\">=</span><span style=\"color:Black\">&quot;</span><span style=\"color:Blue\">#606060</span><span style=\"color:Black\">&quot;</span> <span style=\"color:Red\">id</span><span style=\"color:Blue\">=</span><span style=\"color:Black\">&quot;</span><span style=\"color:Blue\">svg_109</span><span style=\"color:Black\">&quot;</span> <span style=\"color:Red\">y2</span><span style=\"color:Blue\">=</span><span style=\"color:Black\">&quot;</span><span style=\"color:Blue\">4</span><span style=\"color:Black\">&quot;</span> <span style=\"color:Red\">x2</span><span style=\"color:Blue\">=</span><span style=\"color:Black\">&quot;</span><span style=\"color:Blue\">19</span><span style=\"color:Black\">&quot;</span> <span style=\"color:Red\">y1</span><span style=\"color:Blue\">=</span><span style=\"color:Black\">&quot;</span><span style=\"color:Blue\">19</span><span style=\"color:Black\">&quot;</span> <span style=\"color:Red\">x1</span><span style=\"color:Blue\">=</span><span style=\"color:Black\">&quot;</span><span style=\"color:Blue\">4</span><span style=\"color:Black\">&quot;</span><span style=\"color:Blue\">/&gt;</span>\r\n  <span style=\"color:Blue\">&lt;</span><span style=\"color:#A31515\">circle</span> <span style=\"color:Red\">stroke</span><span style=\"color:Blue\">=</span><span style=\"color:Black\">&quot;</span><span style=\"color:Blue\">#0000ff</span><span style=\"color:Black\">&quot;</span> <span style=\"color:Red\">fill</span><span style=\"color:Blue\">=</span><span style=\"color:Black\">&quot;</span><span style=\"color:Blue\">#00ffff</span><span style=\"color:Black\">&quot;</span> <span style=\"color:Red\">id</span><span style=\"color:Blue\">=</span><span style=\"color:Black\">&quot;</span><span style=\"color:Blue\">svg_111</span><span style=\"color:Black\">&quot;</span> <span style=\"color:Red\">r</span><span style=\"color:Blue\">=</span><span style=\"color:Black\">&quot;</span><span style=\"color:Blue\">2.17578</span><span style=\"color:Black\">&quot;</span> <span style=\"color:Red\">cy</span><span style=\"color:Blue\">=</span><span style=\"color:Black\">&quot;</span><span style=\"color:Blue\">11.5</span><span style=\"color:Black\">&quot;</span> <span style=\"color:Red\">cx</span><span style=\"color:Blue\">=</span><span style=\"color:Black\">&quot;</span><span style=\"color:Blue\">11.5</span><span style=\"color:Black\">&quot;</span><span style=\"color:Blue\">/&gt;</span>\r\n  <span style=\"color:Blue\">&lt;</span><span style=\"color:#A31515\">circle</span> <span style=\"color:Red\">stroke-width</span><span style=\"color:Blue\">=</span><span style=\"color:Black\">&quot;</span><span style=\"color:Blue\">0.5</span><span style=\"color:Black\">&quot;</span> <span style=\"color:Red\">id</span><span style=\"color:Blue\">=</span><span style=\"color:Black\">&quot;</span><span style=\"color:Blue\">svg_121</span><span style=\"color:Black\">&quot;</span> <span style=\"color:Red\">stroke</span><span style=\"color:Blue\">=</span><span style=\"color:Black\">&quot;</span><span style=\"color:Blue\">#0000ff</span><span style=\"color:Black\">&quot;</span> <span style=\"color:Red\">fill</span><span style=\"color:Blue\">=</span><span style=\"color:Black\">&quot;</span><span style=\"color:Blue\">#00ffff</span><span style=\"color:Black\">&quot;</span> <span style=\"color:Red\">r</span><span style=\"color:Blue\">=</span><span style=\"color:Black\">&quot;</span><span style=\"color:Blue\">2.26172</span><span style=\"color:Black\">&quot;</span> <span style=\"color:Red\">cy</span><span style=\"color:Blue\">=</span><span style=\"color:Black\">&quot;</span><span style=\"color:Blue\">4</span><span style=\"color:Black\">&quot;</span> <span style=\"color:Red\">cx</span><span style=\"color:Blue\">=</span><span style=\"color:Black\">&quot;</span><span style=\"color:Blue\">19</span><span style=\"color:Black\">&quot;</span><span style=\"color:Blue\">/&gt;</span>\r\n  <span style=\"color:Blue\">&lt;</span><span style=\"color:#A31515\">circle</span> <span style=\"color:Red\">id</span><span style=\"color:Blue\">=</span><span style=\"color:Black\">&quot;</span><span style=\"color:Blue\">svg_123</span><span style=\"color:Black\">&quot;</span> <span style=\"color:Red\">stroke-width</span><span style=\"color:Blue\">=</span><span style=\"color:Black\">&quot;</span><span style=\"color:Blue\">0.5</span><span style=\"color:Black\">&quot;</span> <span style=\"color:Red\">stroke</span><span style=\"color:Blue\">=</span><span style=\"color:Black\">&quot;</span><span style=\"color:Blue\">#0000ff</span><span style=\"color:Black\">&quot;</span> <span style=\"color:Red\">fill</span><span style=\"color:Blue\">=</span><span style=\"color:Black\">&quot;</span><span style=\"color:Blue\">#00ffff</span><span style=\"color:Black\">&quot;</span> <span style=\"color:Red\">r</span><span style=\"color:Blue\">=</span><span style=\"color:Black\">&quot;</span><span style=\"color:Blue\">2.26172</span><span style=\"color:Black\">&quot;</span> <span style=\"color:Red\">cy</span><span style=\"color:Blue\">=</span><span style=\"color:Black\">&quot;</span><span style=\"color:Blue\">19</span><span style=\"color:Black\">&quot;</span> <span style=\"color:Red\">cx</span><span style=\"color:Blue\">=</span><span style=\"color:Black\">&quot;</span><span style=\"color:Blue\">4</span><span style=\"color:Black\">&quot;</span><span style=\"color:Blue\">/&gt;</span>\r\n<span style=\"color:Blue\">&lt;/</span><span style=\"color:#A31515\">svg</span><span style=\"color:Blue\">&gt;</span>\r\n</pre>\r\n</div>\r\n<p>&nbsp;</p>\r\n<p>The above SVG renders the following image:</p>\r\n<p><img src=\"http://img189.imageshack.us/img189/550/sample2xe.png\" alt=\"\"></p>\r\n<p>Let me know how you go.</p>\r\n<p>Cheers,<br>Scriv</p>\r\n<p>* - The stroke size of 0.5 appears to be rounded up to 1 in this SVG library. It makes some sense (how can it render half a pixel?) so I think Firefox/Inkscape etc have algorithims for helping with this. Changing the opacity tends to present *similar* results.</p>",
    "PostedDate": "2010-04-06T06:40:15.36-07:00",
    "UserRole": "Owner",
    "MarkedAsAnswerDate": null
  },
  {
    "Id": "427861",
    "ThreadId": "42546",
    "Html": "<p>The problem is that the server can not find the file!</p>",
    "PostedDate": "2010-04-06T07:17:37.7-07:00",
    "UserRole": null,
    "MarkedAsAnswerDate": null
  },
  {
    "Id": "428073",
    "ThreadId": "42546",
    "Html": "<p>I can't really help with that issue, havana7. As I've shown I'm able to save the file and render it using the same APIs. It <em>could</em> be a security related issue if you're running in IIS; i.e. you might have to grant ASP.NET access to the folder that contains the file. I'd like to help but it's really just down to server setup.</p>\r\n<p>&nbsp;</p>",
    "PostedDate": "2010-04-06T16:35:01.897-07:00",
    "UserRole": "Owner",
    "MarkedAsAnswerDate": null
  }
]