{
  "WorkItem": {
    "AffectedComponent": {
      "Name": "",
      "DisplayName": ""
    },
    "ClosedComment": "",
    "ClosedDate": null,
    "CommentCount": 0,
    "Custom": null,
    "Description": "I thought you guys had your Own Type for a Second... Since you guys are using the Color Type from System.Drawing you should probaly ensure that your spelling matches....\n \nJust a FYI you have spelling of Colour for most of the properites....",
    "LastUpdatedDate": "2013-02-21T16:26:02.93-08:00",
    "PlannedForRelease": "",
    "ReleaseVisibleToPublic": false,
    "Priority": {
      "Name": "Low",
      "Severity": 50,
      "Id": 1
    },
    "ProjectName": "svg",
    "ReportedDate": "2010-08-13T13:09:58.917-07:00",
    "Status": {
      "Name": "Proposed",
      "Id": 1
    },
    "ReasonClosed": {
      "Name": "Unassigned"
    },
    "Summary": "Colour",
    "Type": {
      "Name": "Issue",
      "Id": 3
    },
    "VoteCount": 1,
    "Id": 14000
  },
  "FileAttachments": [],
  "Comments": []
}