{
  "WorkItem": {
    "AffectedComponent": {
      "Name": "",
      "DisplayName": ""
    },
    "ClosedComment": "",
    "ClosedDate": "2010-11-01T05:27:39.743-07:00",
    "CommentCount": 0,
    "Custom": null,
    "Description": "The clip path is not cached correctly and so will not render on second attempt.",
    "LastUpdatedDate": "2013-05-16T04:04:26.903-07:00",
    "PlannedForRelease": "",
    "ReleaseVisibleToPublic": false,
    "Priority": {
      "Name": "Unassigned",
      "Severity": 0,
      "Id": 0
    },
    "ProjectName": "svg",
    "ReportedDate": "2010-11-01T05:25:54.44-07:00",
    "Status": {
      "Name": "Closed",
      "Id": 4
    },
    "ReasonClosed": {
      "Name": "Unassigned"
    },
    "Summary": "Clip paths are not cached correctly",
    "Type": {
      "Name": "Issue",
      "Id": 3
    },
    "VoteCount": 0,
    "Id": 14582
  },
  "FileAttachments": [],
  "Comments": [
    {
      "Message": "Resolved with changeset 63148.",
      "PostedDate": "2010-11-01T05:27:39.743-07:00",
      "Id": -2147483648
    },
    {
      "Message": "",
      "PostedDate": "2013-02-21T16:26:02.45-08:00",
      "Id": -2147483648
    },
    {
      "Message": "",
      "PostedDate": "2013-05-16T04:04:26.903-07:00",
      "Id": -2147483648
    }
  ]
}