{
  "WorkItem": {
    "AffectedComponent": {
      "Name": "",
      "DisplayName": ""
    },
    "ClosedComment": "",
    "ClosedDate": null,
    "CommentCount": 0,
    "Custom": null,
    "Description": "Support the SVG standard for delivering non-standard fonts: http://www.w3.org/TR/SVG/fonts.html",
    "LastUpdatedDate": "2013-10-06T06:07:25.873-07:00",
    "PlannedForRelease": "",
    "ReleaseVisibleToPublic": false,
    "Priority": {
      "Name": "Low",
      "Severity": 50,
      "Id": 1
    },
    "ProjectName": "svg",
    "ReportedDate": "2010-10-18T09:24:15.217-07:00",
    "Status": {
      "Name": "Proposed",
      "Id": 1
    },
    "ReasonClosed": {
      "Name": "Unassigned"
    },
    "Summary": "Support embedded fonts/glyphs",
    "Type": {
      "Name": "Issue",
      "Id": 3
    },
    "VoteCount": 2,
    "Id": 14482
  },
  "FileAttachments": [],
  "Comments": []
}