{
  "WorkItem": {
    "AffectedComponent": {
      "Name": "",
      "DisplayName": ""
    },
    "ClosedComment": "",
    "ClosedDate": null,
    "CommentCount": 0,
    "Custom": null,
    "Description": "while reading SVG document if the first text line is empty it wont render any image.\n\ncause while poping  the element out of stack if the value length is 0 it breaks and rest of the thing is skipped.\n\ncurrent code in svgDocument :\n                               // Pop the element out of the stack\n                                element = elementStack.Pop(); \n                                if (value.Length > 0)\n                                {\n                                    element.Content = value.ToString();\n                                    // Reset content value for new element\n                                    value = new StringBuilder();\n                                }\n\nfix :\n                                // Pop the element out of the stack\n                                element = elementStack.Pop();\n                               __ if (value.Length == 0)\n                                    value.Append(\" \");__\n                                if (value.Length > 0)\n                                {\n                                    element.Content = value.ToString();\n                                    // Reset content value for new element\n                                    value = new StringBuilder();\n                                }",
    "LastUpdatedDate": "2014-04-17T05:04:28.557-07:00",
    "PlannedForRelease": "",
    "ReleaseVisibleToPublic": false,
    "Priority": {
      "Name": "Unassigned",
      "Severity": 0,
      "Id": 0
    },
    "ProjectName": "svg",
    "ReportedDate": "2014-04-17T05:02:53.417-07:00",
    "Status": {
      "Name": "Proposed",
      "Id": 1
    },
    "ReasonClosed": {
      "Name": "Unassigned"
    },
    "Summary": "problem while rendering empty lines",
    "Type": {
      "Name": "Unassigned",
      "Id": 5
    },
    "VoteCount": 1,
    "Id": 20935
  },
  "FileAttachments": [],
  "Comments": []
}