{
  "WorkItem": {
    "AffectedComponent": {
      "Name": "",
      "DisplayName": ""
    },
    "ClosedComment": "",
    "ClosedDate": null,
    "CommentCount": 0,
    "Custom": null,
    "Description": "My SVG documents were taking 4 to 5 minutes to open when debugging.  The IDE and app were almost totally locked up the entire time.  I commented out the calls to TraceInformation in the SvgElementFactory code and now it takes less than a second to open the same files.  Turns out sending a trace before and after every element creation was taking up a huge amount of time.",
    "LastUpdatedDate": "2013-02-21T16:26:04.983-08:00",
    "PlannedForRelease": "",
    "ReleaseVisibleToPublic": false,
    "Priority": {
      "Name": "Low",
      "Severity": 50,
      "Id": 1
    },
    "ProjectName": "svg",
    "ReportedDate": "2009-07-01T12:35:22.177-07:00",
    "Status": {
      "Name": "Proposed",
      "Id": 1
    },
    "ReasonClosed": {
      "Name": "Unassigned"
    },
    "Summary": "SvgDocument.Open performance is really bad due to the Trace.TraceInformation calls",
    "Type": {
      "Name": "Issue",
      "Id": 3
    },
    "VoteCount": 1,
    "Id": 10232
  },
  "FileAttachments": [],
  "Comments": [
    {
      "Message": "Ah, yes. This does happen with large SVG files!\r\n\r\nI probably should have used Debug.Write instead of Trace.Write there so that it never happened in a release build. It's probably easier to remove the TRACE constant from project properties and then rebuild so that the Trace statements are never compiled - this will speed up the code as much as possible when you don't want tracing!\r\n\r\nThanks for bringing it up as an issue though, it should only be tracing when somebody wants to debug (so should be debug not trace! heh).",
      "PostedDate": "2009-07-01T16:31:31.39-07:00",
      "Id": -2147483648
    },
    {
      "Message": "",
      "PostedDate": "2013-02-21T16:26:04.983-08:00",
      "Id": -2147483648
    }
  ]
}