{
  "WorkItem": {
    "AffectedComponent": {
      "Name": "",
      "DisplayName": ""
    },
    "ClosedComment": "",
    "ClosedDate": "2010-11-01T05:39:12.21-07:00",
    "CommentCount": 0,
    "Custom": null,
    "Description": "SVG images which include transforms on the clip path do not render correctly.",
    "LastUpdatedDate": "2013-05-16T04:04:26.763-07:00",
    "PlannedForRelease": "",
    "ReleaseVisibleToPublic": false,
    "Priority": {
      "Name": "Unassigned",
      "Severity": 0,
      "Id": 0
    },
    "ProjectName": "svg",
    "ReportedDate": "2010-11-01T05:31:44.453-07:00",
    "Status": {
      "Name": "Closed",
      "Id": 4
    },
    "ReasonClosed": {
      "Name": "Unassigned"
    },
    "Summary": "Clip paths with transforms are not rendered correctly",
    "Type": {
      "Name": "Issue",
      "Id": 3
    },
    "VoteCount": 0,
    "Id": 14583
  },
  "FileAttachments": [],
  "Comments": [
    {
      "Message": "Resolved with changeset 63149.",
      "PostedDate": "2010-11-01T05:39:12.21-07:00",
      "Id": -2147483648
    },
    {
      "Message": "",
      "PostedDate": "2013-02-21T16:26:02.273-08:00",
      "Id": -2147483648
    },
    {
      "Message": "",
      "PostedDate": "2013-05-16T04:04:26.763-07:00",
      "Id": -2147483648
    }
  ]
}