{
  "WorkItem": {
    "AffectedComponent": {
      "Name": "",
      "DisplayName": ""
    },
    "ClosedComment": "",
    "ClosedDate": null,
    "CommentCount": 0,
    "Custom": null,
    "Description": "I convert my svg using draw function to image. but that image texts are getting blurred\n\nsee the attached image, left is in normal browser, right is the image converted.",
    "LastUpdatedDate": "2016-08-24T01:40:09.803-07:00",
    "PlannedForRelease": "",
    "ReleaseVisibleToPublic": false,
    "Priority": {
      "Name": "Unassigned",
      "Severity": 0,
      "Id": 0
    },
    "ProjectName": "svg",
    "ReportedDate": "2016-08-24T01:40:07.527-07:00",
    "Status": {
      "Name": "Proposed",
      "Id": 1
    },
    "ReasonClosed": {
      "Name": "Unassigned"
    },
    "Summary": "Blur the text when convert to image",
    "Type": {
      "Name": "Unassigned",
      "Id": 5
    },
    "VoteCount": 1,
    "Id": 22338
  },
  "FileAttachments": [
    {
      "FileId": 9947,
      "FileName": "Capture1.PNG",
      "DownloadUrl": ".\\9947"
    }
  ],
  "Comments": []
}