{
  "WorkItem": {
    "AffectedComponent": {
      "Name": "",
      "DisplayName": ""
    },
    "ClosedComment": "",
    "ClosedDate": "2008-05-31T21:38:07.043-07:00",
    "CommentCount": 0,
    "Custom": null,
    "Description": "For example try to render file in attachment.",
    "LastUpdatedDate": "2013-05-16T04:04:31.387-07:00",
    "PlannedForRelease": "",
    "ReleaseVisibleToPublic": false,
    "Priority": {
      "Name": "High",
      "Severity": 150,
      "Id": 3
    },
    "ProjectName": "svg",
    "ReportedDate": "2008-04-25T03:09:04.627-07:00",
    "Status": {
      "Name": "Closed",
      "Id": 4
    },
    "ReasonClosed": {
      "Name": "Unassigned"
    },
    "Summary": "Library incorrectly handles linear gradients.",
    "Type": {
      "Name": "Issue",
      "Id": 3
    },
    "VoteCount": 2,
    "Id": 6072
  },
  "FileAttachments": [
    {
      "FileId": 1453,
      "FileName": "svg.zip",
      "DownloadUrl": ".\\1453"
    }
  ],
  "Comments": [
    {
      "Message": "Issue has had a fix applied in changeset #11082.",
      "PostedDate": "2008-04-29T03:53:58.16-07:00",
      "Id": -2147483648
    },
    {
      "Message": "",
      "PostedDate": "2008-04-29T03:54:00.473-07:00",
      "Id": -2147483648
    },
    {
      "Message": "",
      "PostedDate": "2008-05-31T21:38:07.043-07:00",
      "Id": -2147483648
    },
    {
      "Message": "",
      "PostedDate": "2013-02-21T16:26:10.66-08:00",
      "Id": -2147483648
    },
    {
      "Message": "",
      "PostedDate": "2013-05-16T04:04:31.387-07:00",
      "Id": -2147483648
    }
  ]
}