{
  "WorkItem": {
    "AffectedComponent": {
      "Name": "",
      "DisplayName": ""
    },
    "ClosedComment": "",
    "ClosedDate": null,
    "CommentCount": 0,
    "Custom": null,
    "Description": "Hello,\nI am wondering if it is possible to use your svg engine to convert svg to pdf. Will it be possible to do that?\n \nMany Thanks",
    "LastUpdatedDate": "2013-02-21T16:26:03.427-08:00",
    "PlannedForRelease": "",
    "ReleaseVisibleToPublic": false,
    "Priority": {
      "Name": "Low",
      "Severity": 50,
      "Id": 1
    },
    "ProjectName": "svg",
    "ReportedDate": "2010-06-13T14:24:10.82-07:00",
    "Status": {
      "Name": "Proposed",
      "Id": 1
    },
    "ReasonClosed": {
      "Name": "Unassigned"
    },
    "Summary": "convert to pdf?",
    "Type": {
      "Name": "Issue",
      "Id": 3
    },
    "VoteCount": 1,
    "Id": 13531
  },
  "FileAttachments": [],
  "Comments": [
    {
      "Message": "In the current iteration it does not seem that this is possible... however.... using the raster output this library provides you can indeed insert the rater into a PDF created by another library for instance iTextSharp, and would be trivial to do such a thing.",
      "PostedDate": "2010-08-13T11:27:59.873-07:00",
      "Id": -2147483648
    },
    {
      "Message": "",
      "PostedDate": "2013-02-21T16:26:03.427-08:00",
      "Id": -2147483648
    }
  ]
}