{
  "WorkItem": {
    "AffectedComponent": {
      "Name": "",
      "DisplayName": ""
    },
    "ClosedComment": "",
    "ClosedDate": "2010-11-01T07:17:30.373-07:00",
    "CommentCount": 0,
    "Custom": null,
    "Description": "In the following image, the linear gradient doesn't show up at all with the eye highlight. It is a clipped object, which might be fixed with clipping, but I'm not entirely sure. As such, it simply doesn't render the highlight of the eye at all.",
    "LastUpdatedDate": "2013-05-16T04:04:28.38-07:00",
    "PlannedForRelease": "",
    "ReleaseVisibleToPublic": false,
    "Priority": {
      "Name": "Low",
      "Severity": 50,
      "Id": 1
    },
    "ProjectName": "svg",
    "ReportedDate": "2008-11-04T13:45:04.563-08:00",
    "Status": {
      "Name": "Closed",
      "Id": 4
    },
    "ReasonClosed": {
      "Name": "Unassigned"
    },
    "Summary": "Linear Gradient not working",
    "Type": {
      "Name": "Issue",
      "Id": 3
    },
    "VoteCount": 1,
    "Id": 7971
  },
  "FileAttachments": [
    {
      "FileId": 2245,
      "FileName": "Eye.svg",
      "DownloadUrl": ".\\2245"
    }
  ],
  "Comments": [
    {
      "Message": "Resolved with changeset 63156.",
      "PostedDate": "2010-11-01T07:17:30.373-07:00",
      "Id": -2147483648
    },
    {
      "Message": "",
      "PostedDate": "2013-02-21T16:26:07.173-08:00",
      "Id": -2147483648
    },
    {
      "Message": "",
      "PostedDate": "2013-05-16T04:04:28.38-07:00",
      "Id": -2147483648
    }
  ]
}