{
  "WorkItem": {
    "AffectedComponent": {
      "Name": "",
      "DisplayName": ""
    },
    "ClosedComment": "",
    "ClosedDate": null,
    "CommentCount": 0,
    "Custom": null,
    "Description": "The Polyline is ignoring the Fill parameter, which from I can tell is valid in the SVG 1.1 spec (11.3 Fill Properties).\n \nAttached are 4 test cases using the current build of SVG (0.5.2) and GIMP (2.4.2) and the outputs pretty much tell the story.",
    "LastUpdatedDate": "2013-06-14T00:27:50.463-07:00",
    "PlannedForRelease": "",
    "ReleaseVisibleToPublic": false,
    "Priority": {
      "Name": "Low",
      "Severity": 50,
      "Id": 1
    },
    "ProjectName": "svg",
    "ReportedDate": "2008-12-11T17:53:53.937-08:00",
    "Status": {
      "Name": "Resolved",
      "Id": 7
    },
    "ReasonClosed": {
      "Name": "Unassigned"
    },
    "Summary": "Polyline Fill",
    "Type": {
      "Name": "Issue",
      "Id": 3
    },
    "VoteCount": 1,
    "Id": 8494
  },
  "FileAttachments": [
    {
      "FileId": 2425,
      "FileName": "Test Cases - Bug.zip",
      "DownloadUrl": ".\\2425"
    }
  ],
  "Comments": [
    {
      "Message": "- Fixed in changeset #23462.",
      "PostedDate": "2008-12-19T04:14:04.54-08:00",
      "Id": -2147483648
    },
    {
      "Message": "",
      "PostedDate": "2008-12-19T04:14:07.493-08:00",
      "Id": -2147483648
    },
    {
      "Message": "",
      "PostedDate": "2013-02-21T16:26:06.31-08:00",
      "Id": -2147483648
    },
    {
      "Message": "",
      "PostedDate": "2013-05-16T04:04:27.393-07:00",
      "Id": -2147483648
    },
    {
      "Message": "",
      "PostedDate": "2013-05-16T04:04:27.51-07:00",
      "Id": -2147483648
    },
    {
      "Message": "",
      "PostedDate": "2013-06-14T00:27:50.463-07:00",
      "Id": -2147483648
    }
  ]
}