{
  "WorkItem": {
    "AffectedComponent": {
      "Name": "",
      "DisplayName": ""
    },
    "ClosedComment": "",
    "ClosedDate": null,
    "CommentCount": 0,
    "Custom": null,
    "Description": "Hi\n\n                 SvgDocument svgDoc = SvgDocument.Open(openSvgFile.FileName);\n                svgDoc.Transforms = new SvgTransformCollection();\n                svgDoc.Transforms.Add(new SvgScale(2, 2));\n                svgDoc.Width = new SvgUnit(svgDoc.Width.Type, svgDoc.Width * 2);\n                svgDoc.Height = new SvgUnit(svgDoc.Height.Type, svgDoc.Height * 2);\n\n                svgDoc.Draw().Save(\"name.png\");\n\nwhile converting svg file to image getting an above error.",
    "LastUpdatedDate": "2014-02-19T02:50:05.77-08:00",
    "PlannedForRelease": "",
    "ReleaseVisibleToPublic": false,
    "Priority": {
      "Name": "Unassigned",
      "Severity": 0,
      "Id": 0
    },
    "ProjectName": "svg",
    "ReportedDate": "2014-02-19T02:50:05.77-08:00",
    "Status": {
      "Name": "Proposed",
      "Id": 1
    },
    "ReasonClosed": {
      "Name": "Unassigned"
    },
    "Summary": "DashPattern value is not valid.",
    "Type": {
      "Name": "Unassigned",
      "Id": 5
    },
    "VoteCount": 1,
    "Id": 20745
  },
  "FileAttachments": [],
  "Comments": []
}