{
  "WorkItem": {
    "AffectedComponent": {
      "Name": "",
      "DisplayName": ""
    },
    "ClosedComment": "",
    "ClosedDate": null,
    "CommentCount": 0,
    "Custom": null,
    "Description": "The implementation about SvgText.FontFamily is incorrect. Cause 'font-family' attribute in svg 'style' tag is like \"'lucida grande', 'lucida sans unicode', verdana, arial, helvetica, sans-serif\", the type of FontFamily property is Font,so its converter (FontConverter) cant convert string like that to Font object correctly, it will always throw exception.",
    "LastUpdatedDate": "2013-02-21T16:26:01.84-08:00",
    "PlannedForRelease": "",
    "ReleaseVisibleToPublic": false,
    "Priority": {
      "Name": "Low",
      "Severity": 50,
      "Id": 1
    },
    "ProjectName": "svg",
    "ReportedDate": "2011-01-04T23:30:51.823-08:00",
    "Status": {
      "Name": "Proposed",
      "Id": 1
    },
    "ReasonClosed": {
      "Name": "Unassigned"
    },
    "Summary": "Exception while parsing SvgText",
    "Type": {
      "Name": "Issue",
      "Id": 3
    },
    "VoteCount": 1,
    "Id": 15042
  },
  "FileAttachments": [],
  "Comments": []
}