{
  "WorkItem": {
    "AffectedComponent": {
      "Name": "",
      "DisplayName": ""
    },
    "ClosedComment": "",
    "ClosedDate": null,
    "CommentCount": 0,
    "Custom": null,
    "Description": "SVG renderer doesn't handle the single argument case to translate(), even though that case is permitted by the SVG spec and there is method:\npublic SvgTranslate(float x) : this(x, 0.0f)",
    "LastUpdatedDate": "2013-09-03T09:13:44.197-07:00",
    "PlannedForRelease": "",
    "ReleaseVisibleToPublic": false,
    "Priority": {
      "Name": "Unassigned",
      "Severity": 0,
      "Id": 0
    },
    "ProjectName": "svg",
    "ReportedDate": "2013-09-03T09:13:44.197-07:00",
    "Status": {
      "Name": "Proposed",
      "Id": 1
    },
    "ReasonClosed": {
      "Name": "Unassigned"
    },
    "Summary": "Exception \"Translate transforms must be in the format 'translate(x, y)'",
    "Type": {
      "Name": "Unassigned",
      "Id": 5
    },
    "VoteCount": 1,
    "Id": 20165
  },
  "FileAttachments": [],
  "Comments": []
}