{
  "WorkItem": {
    "AffectedComponent": {
      "Name": "",
      "DisplayName": ""
    },
    "ClosedComment": "",
    "ClosedDate": null,
    "CommentCount": 0,
    "Custom": null,
    "Description": "if a colour is provided with an alpha value (ie: 192) it is turned into 0 in the GetBrush method of the SvgColourServer.\n \nline 29:\nint alpha = (int)((opacity * (this.Colour.A/255) ) * 255);\nshould be\nint alpha = (int)((opacity * (this.Colour.A/255d) ) * 255);",
    "LastUpdatedDate": "2013-02-21T16:26:01.04-08:00",
    "PlannedForRelease": "",
    "ReleaseVisibleToPublic": false,
    "Priority": {
      "Name": "Low",
      "Severity": 50,
      "Id": 1
    },
    "ProjectName": "svg",
    "ReportedDate": "2011-01-21T14:18:07.677-08:00",
    "Status": {
      "Name": "Proposed",
      "Id": 1
    },
    "ReasonClosed": {
      "Name": "Unassigned"
    },
    "Summary": "Alpha conversion truncates to 0 in svgcolourserver",
    "Type": {
      "Name": "Issue",
      "Id": 3
    },
    "VoteCount": 1,
    "Id": 15131
  },
  "FileAttachments": [],
  "Comments": []
}