{
  "WorkItem": {
    "AffectedComponent": {
      "Name": "",
      "DisplayName": ""
    },
    "ClosedComment": "",
    "ClosedDate": null,
    "CommentCount": 0,
    "Custom": null,
    "Description": "Now that most of the major SVG viewers support some filters bringing SVG closer to this level of functionality would be beneficial.\n \nThere are many filters but the most common appears to be gaussian blur (note that there are several filters involved in using a blur for a shadow so this implementation would have to include those).",
    "LastUpdatedDate": "2013-02-21T16:26:07.99-08:00",
    "PlannedForRelease": "SVG 0.6",
    "ReleaseVisibleToPublic": true,
    "Priority": {
      "Name": "Low",
      "Severity": 50,
      "Id": 1
    },
    "ProjectName": "svg",
    "ReportedDate": "2008-10-15T16:44:53.813-07:00",
    "Status": {
      "Name": "Proposed",
      "Id": 1
    },
    "ReasonClosed": {
      "Name": "Unassigned"
    },
    "Summary": "Support basic filter effects such as gaussian blur.",
    "Type": {
      "Name": "Feature",
      "Id": 1
    },
    "VoteCount": 6,
    "Id": 7826
  },
  "FileAttachments": [],
  "Comments": [
    {
      "Message": "There you go - voted.   No, no deadline.  I've looked at the older .NET SVG implementations in the past and the SVG2XAML utilities and non do true SVG support.  Maybe it will be you that makes the break through.",
      "PostedDate": "2008-10-15T16:56:56.617-07:00",
      "Id": -2147483648
    },
    {
      "Message": "",
      "PostedDate": "2008-10-30T08:45:51.56-07:00",
      "Id": -2147483648
    },
    {
      "Message": "",
      "PostedDate": "2008-12-12T03:55:41.56-08:00",
      "Id": -2147483648
    },
    {
      "Message": "",
      "PostedDate": "2009-04-23T21:43:06.753-07:00",
      "Id": -2147483648
    },
    {
      "Message": "",
      "PostedDate": "2009-07-24T22:55:19.83-07:00",
      "Id": -2147483648
    },
    {
      "Message": "",
      "PostedDate": "2011-10-27T07:41:54.78-07:00",
      "Id": -2147483648
    },
    {
      "Message": "",
      "PostedDate": "2013-02-21T16:26:07.99-08:00",
      "Id": -2147483648
    }
  ]
}