{
  "WorkItem": {
    "AffectedComponent": {
      "Name": "",
      "DisplayName": ""
    },
    "ClosedComment": "",
    "ClosedDate": "2008-05-31T21:37:29.73-07:00",
    "CommentCount": 0,
    "Custom": null,
    "Description": "I'm not sure if this is well-formed svg or not - but inkscape renders it ok.\n \nWith a fragment like this:\n \n     <g transform=\"scale(0.75 0.75) translate(65 125)\" >\n     <svg viewBox=\"0 0 400 400\" id=\"2\" width=\"400px\" height=\"400px\">\n     <g>\n    <line x1=\"200\" y1=\"120\" x2=\"200\" y2=\"280\" style=\"fill:none;stroke:rgb(0,0,0);stroke-width:10\"></line>\n    </g>\n    </svg>\n \nThe transform is not being applied. I tracked it down to the way the transform is being used in SvgFragment::Render. The stored transform is being put in a temporary variable (oldTransform) and replaced by a transform which , it seems, centres and zooms the viewbox. The snippet below shows what I did to get the transform from the fragment to be applied - but it the viewbox transform is now ignored. So it's obviously not a proper fix.\n \n            // base.Render(graphics);      originally\n \n            if (oldTransform != null)\n            {\n                graphics.Transform = oldTransform;\n            }\n \n            base.Render(graphics);  // transform parsed from file now works",
    "LastUpdatedDate": "2013-05-16T04:04:31.097-07:00",
    "PlannedForRelease": "",
    "ReleaseVisibleToPublic": false,
    "Priority": {
      "Name": "Low",
      "Severity": 50,
      "Id": 1
    },
    "ProjectName": "svg",
    "ReportedDate": "2008-05-19T11:55:42.273-07:00",
    "Status": {
      "Name": "Closed",
      "Id": 4
    },
    "ReasonClosed": {
      "Name": "Unassigned"
    },
    "Summary": "Transforms are parsed but ignored",
    "Type": {
      "Name": "Issue",
      "Id": 3
    },
    "VoteCount": 1,
    "Id": 6184
  },
  "FileAttachments": [],
  "Comments": []
}