{
  "WorkItem": {
    "AffectedComponent": {
      "Name": "",
      "DisplayName": ""
    },
    "ClosedComment": "",
    "ClosedDate": "2008-06-17T06:21:41.527-07:00",
    "CommentCount": 0,
    "Custom": null,
    "Description": "There's an issue in SvgUnitConverter where inches are incorrectly set as millimeters.",
    "LastUpdatedDate": "2013-05-16T04:04:30.437-07:00",
    "PlannedForRelease": "",
    "ReleaseVisibleToPublic": false,
    "Priority": {
      "Name": "High",
      "Severity": 150,
      "Id": 3
    },
    "ProjectName": "svg",
    "ReportedDate": "2008-06-17T05:50:55.527-07:00",
    "Status": {
      "Name": "Closed",
      "Id": 4
    },
    "ReasonClosed": {
      "Name": "Unassigned"
    },
    "Summary": "Units in inches are incorrectly parsed as millimeters.",
    "Type": {
      "Name": "Issue",
      "Id": 3
    },
    "VoteCount": 1,
    "Id": 6381
  },
  "FileAttachments": [],
  "Comments": []
}