{
  "WorkItem": {
    "AffectedComponent": {
      "Name": "",
      "DisplayName": ""
    },
    "ClosedComment": "",
    "ClosedDate": "2008-05-31T21:38:55.463-07:00",
    "CommentCount": 0,
    "Custom": null,
    "Description": "File DataTypes\\SvgCoordinateUnits is missing.\n \nPlease remove all occurences of\nusing System.Linq;\nso we can build for the 2.0 framework.",
    "LastUpdatedDate": "2013-05-16T04:04:31.817-07:00",
    "PlannedForRelease": "",
    "ReleaseVisibleToPublic": false,
    "Priority": {
      "Name": "High",
      "Severity": 150,
      "Id": 3
    },
    "ProjectName": "svg",
    "ReportedDate": "2008-04-09T11:58:12.143-07:00",
    "Status": {
      "Name": "Closed",
      "Id": 4
    },
    "ReasonClosed": {
      "Name": "Unassigned"
    },
    "Summary": "latest version from source control does not compile",
    "Type": {
      "Name": "Issue",
      "Id": 3
    },
    "VoteCount": 1,
    "Id": 5921
  },
  "FileAttachments": [],
  "Comments": [
    {
      "Message": "The project has been built using c# .net 3.5 - it can't build in .net 2.0. The System.Linq references are redundant though, as it's not being used.",
      "PostedDate": "2008-04-13T22:15:51.593-07:00",
      "Id": -2147483648
    },
    {
      "Message": "",
      "PostedDate": "2008-04-13T22:16:49.42-07:00",
      "Id": -2147483648
    },
    {
      "Message": "SvgCoordinateUnits added in changeset 10860.",
      "PostedDate": "2008-04-14T01:11:36.213-07:00",
      "Id": -2147483648
    },
    {
      "Message": "",
      "PostedDate": "2008-04-14T01:11:36.62-07:00",
      "Id": -2147483648
    },
    {
      "Message": "",
      "PostedDate": "2008-05-31T21:38:55.463-07:00",
      "Id": -2147483648
    },
    {
      "Message": "",
      "PostedDate": "2013-02-21T16:26:11.28-08:00",
      "Id": -2147483648
    },
    {
      "Message": "",
      "PostedDate": "2013-05-16T04:04:31.817-07:00",
      "Id": -2147483648
    }
  ]
}