{
  "WorkItem": {
    "AffectedComponent": {
      "Name": "",
      "DisplayName": ""
    },
    "ClosedComment": "",
    "ClosedDate": null,
    "CommentCount": 0,
    "Custom": null,
    "Description": "exception when trying to convert style=\"stroke-dasharray:40 10\" to SvgUnit[] StrokeDashArray\n \nsee attached file",
    "LastUpdatedDate": "2013-06-14T00:27:51.83-07:00",
    "PlannedForRelease": "",
    "ReleaseVisibleToPublic": false,
    "Priority": {
      "Name": "Low",
      "Severity": 50,
      "Id": 1
    },
    "ProjectName": "svg",
    "ReportedDate": "2008-09-04T23:41:44.1-07:00",
    "Status": {
      "Name": "Resolved",
      "Id": 7
    },
    "ReasonClosed": {
      "Name": "Unassigned"
    },
    "Summary": "support style stroke-dasharray",
    "Type": {
      "Name": "Issue",
      "Id": 3
    },
    "VoteCount": 1,
    "Id": 7524
  },
  "FileAttachments": [
    {
      "FileId": 2090,
      "FileName": "g-gpgpwp------x.svg",
      "DownloadUrl": ".\\2090"
    }
  ],
  "Comments": [
    {
      "Message": "Fixed in changeset 18247.",
      "PostedDate": "2008-10-18T05:45:12.217-07:00",
      "Id": -2147483648
    },
    {
      "Message": "",
      "PostedDate": "2008-10-18T05:45:13.153-07:00",
      "Id": -2147483648
    },
    {
      "Message": "",
      "PostedDate": "2013-02-21T16:26:08.737-08:00",
      "Id": -2147483648
    },
    {
      "Message": "",
      "PostedDate": "2013-05-16T04:04:29.65-07:00",
      "Id": -2147483648
    },
    {
      "Message": "",
      "PostedDate": "2013-05-16T04:04:29.773-07:00",
      "Id": -2147483648
    },
    {
      "Message": "",
      "PostedDate": "2013-06-14T00:27:51.83-07:00",
      "Id": -2147483648
    }
  ]
}