{
  "WorkItem": {
    "AffectedComponent": {
      "Name": "",
      "DisplayName": ""
    },
    "ClosedComment": "",
    "ClosedDate": "2008-05-31T21:38:22.76-07:00",
    "CommentCount": 0,
    "Custom": null,
    "Description": "SvgPathBuilder works incorrectly while processing H,h,V or v path element if it contains only one coordinate value.",
    "LastUpdatedDate": "2013-05-16T04:04:31.537-07:00",
    "PlannedForRelease": "",
    "ReleaseVisibleToPublic": false,
    "Priority": {
      "Name": "Low",
      "Severity": 50,
      "Id": 1
    },
    "ProjectName": "svg",
    "ReportedDate": "2008-04-25T03:05:52.44-07:00",
    "Status": {
      "Name": "Closed",
      "Id": 4
    },
    "ReasonClosed": {
      "Name": "Unassigned"
    },
    "Summary": "H,h,V,v path elements support.",
    "Type": {
      "Name": "Issue",
      "Id": 3
    },
    "VoteCount": 1,
    "Id": 6071
  },
  "FileAttachments": [],
  "Comments": []
}