{
  "WorkItem": {
    "AffectedComponent": {
      "Name": "",
      "DisplayName": ""
    },
    "ClosedComment": "",
    "ClosedDate": null,
    "CommentCount": 0,
    "Custom": null,
    "Description": "Several people have raised the issue of SVG support (or lack of) within the Piccolo 2D application.\n \nI'd like to spend some time investigating whether this is possible or should be done.",
    "LastUpdatedDate": "2013-02-21T16:26:06.11-08:00",
    "PlannedForRelease": "",
    "ReleaseVisibleToPublic": false,
    "Priority": {
      "Name": "Low",
      "Severity": 50,
      "Id": 1
    },
    "ProjectName": "svg",
    "ReportedDate": "2008-12-19T04:32:44.243-08:00",
    "Status": {
      "Name": "Proposed",
      "Id": 1
    },
    "ReasonClosed": {
      "Name": "Unassigned"
    },
    "Summary": "Investigate Piccolo integration support",
    "Type": {
      "Name": "Task",
      "Id": 2
    },
    "VoteCount": 1,
    "Id": 8589
  },
  "FileAttachments": [],
  "Comments": []
}