{
  "WorkItem": {
    "AffectedComponent": {
      "Name": "",
      "DisplayName": ""
    },
    "ClosedComment": "",
    "ClosedDate": null,
    "CommentCount": 0,
    "Custom": null,
    "Description": "the xml document throws error: 'xlink' is an undeclared namespace \nwhen loading attached file.",
    "LastUpdatedDate": "2013-02-21T16:26:08.907-08:00",
    "PlannedForRelease": "",
    "ReleaseVisibleToPublic": false,
    "Priority": {
      "Name": "Low",
      "Severity": 50,
      "Id": 1
    },
    "ProjectName": "svg",
    "ReportedDate": "2008-09-04T23:35:19.427-07:00",
    "Status": {
      "Name": "Proposed",
      "Id": 1
    },
    "ReasonClosed": {
      "Name": "Unassigned"
    },
    "Summary": "support use xlink:href",
    "Type": {
      "Name": "Issue",
      "Id": 3
    },
    "VoteCount": 1,
    "Id": 7523
  },
  "FileAttachments": [
    {
      "FileId": 2089,
      "FileName": "g-gpdpoc------x.svg",
      "DownloadUrl": ".\\2089"
    }
  ],
  "Comments": [
    {
      "Message": "Hmm technically the attached svg file doesn't appear to be valid XML (should have xmlns:xlink=\"http://www.w3.org/1999/xlink\" in the root element) but I notice that Inkscape doesn't have issues rendering it.\r\n\r\nI can take a look at fixing this, but I suspect that it's not possible to change the XmlTextReader to read invalid XML.",
      "PostedDate": "2008-09-09T23:37:34.24-07:00",
      "Id": -2147483648
    },
    {
      "Message": "",
      "PostedDate": "2013-02-21T16:26:08.907-08:00",
      "Id": -2147483648
    }
  ]
}